"","cod_muni","muni","empregos_energia","class_empregos_energia","empregos_petroleo","class_empregos_petroleo","empregos_mineracao","class_empregos_mineracao","empregos_agro","class_empregos_agro"
"1",5103403,"Cuiabá (MT)",2906,"Muito Alto",0,0,586,"Muito Alto",3956,"Muito Alto"
"2",1100205,"Porto Velho (RO)",2534,"Muito Alto",0,0,183,"Muito Alto",1150,"Muito Alto"
"3",1302603,"Manaus (AM)",2485,"Muito Alto",123,"Médio Alto",507,"Muito Alto",1155,"Muito Alto"
"4",1501402,"Belém (PA)",1297,"Muito Alto",5,"Baixo",51,"Muito Alto",1026,"Muito Alto"
"5",2111300,"São Luís (MA)",1227,"Muito Alto",8,"Médio Baixo",522,"Muito Alto",155,"Médio Alto"
"6",1600303,"Macapá (AP)",676,"Muito Alto",0,0,40,"Médio Alto",397,"Muito Alto"
"7",1721000,"Palmas (TO)",664,"Muito Alto",0,0,103,"Muito Alto",267,"Médio Alto"
"8",1400100,"Boa Vista (RR)",656,"Muito Alto",0,0,36,"Médio Alto",483,"Muito Alto"
"9",1200401,"Rio Branco (AC)",469,"Muito Alto",0,0,30,"Médio Alto",1147,"Muito Alto"
"10",1508100,"Tucuruí (PA)",438,"Muito Alto",0,0,2,"Baixo",166,"Médio Alto"
"11",1500602,"Altamira (PA)",380,"Muito Alto",0,0,32,"Médio Alto",450,"Muito Alto"
"12",1100189,"Pimenta Bueno (RO)",210,"Muito Alto",0,0,35,"Médio Alto",603,"Muito Alto"
"13",2110302,"Santo Antônio dos Lopes (MA)",178,"Muito Alto",119,"Médio Baixo",12,"Médio Baixo",7,"Muito Baixo"
"14",1702109,"Araguaína (TO)",175,"Muito Alto",0,0,8,"Médio Baixo",1268,"Muito Alto"
"15",1504208,"Marabá (PA)",156,"Muito Alto",0,0,2980,"Muito Alto",1130,"Muito Alto"
"16",5101407,"Aripuanã (MT)",138,"Muito Alto",0,0,25,"Médio Alto",572,"Muito Alto"
"17",2105302,"Imperatriz (MA)",136,"Muito Alto",0,0,13,"Médio Baixo",590,"Muito Alto"
"18",1506807,"Santarém (PA)",122,"Muito Alto",0,0,17,"Médio Baixo",851,"Muito Alto"
"19",1709500,"Gurupi (TO)",108,"Muito Alto",0,0,0,0,381,"Muito Alto"
"20",5107602,"Rondonópolis (MT)",98,"Muito Alto",0,0,62,"Muito Alto",2668,"Muito Alto"
"21",1301902,"Itacoatiara (AM)",90,"Muito Alto",0,0,0,0,183,"Médio Alto"
"22",1502400,"Castanhal (PA)",86,"Muito Alto",0,0,0,0,643,"Muito Alto"
"23",1100015,"Alta Floresta D'Oeste (RO)",80,"Muito Alto",0,0,2,"Baixo",360,"Médio Alto"
"24",2106755,"Miranda do Norte (MA)",80,"Muito Alto",0,0,0,0,61,"Médio Baixo"
"25",1600238,"Ferreira Gomes (AP)",74,"Muito Alto",0,0,44,"Médio Alto",2,"Muito Baixo"
"26",1200203,"Cruzeiro do Sul (AC)",73,"Muito Alto",0,0,6,"Médio Baixo",90,"Médio Baixo"
"27",1713205,"Miracema do Tocantins (TO)",72,"Muito Alto",0,0,0,0,205,"Médio Alto"
"28",1716109,"Paraíso do Tocantins (TO)",68,"Muito Alto",0,0,0,0,276,"Médio Alto"
"29",5107909,"Sinop (MT)",68,"Muito Alto",0,0,36,"Médio Alto",1485,"Muito Alto"
"30",1501303,"Barcarena (PA)",60,"Muito Alto",0,0,330,"Muito Alto",18,"Baixo"
"31",5104609,"Itiquira (MT)",59,"Muito Alto",0,0,16,"Médio Baixo",2119,"Muito Alto"
"32",2101202,"Bacabal (MA)",58,"Muito Alto",0,0,0,0,315,"Médio Alto"
"33",1303536,"Presidente Figueiredo (AM)",55,"Muito Alto",0,0,1097,"Muito Alto",888,"Muito Alto"
"34",5103205,"Colíder (MT)",55,"Muito Alto",0,0,1,"Muito Baixo",452,"Muito Alto"
"35",2109106,"Presidente Dutra (MA)",54,"Muito Alto",0,0,0,0,42,"Médio Baixo"
"36",5107958,"Tangará da Serra (MT)",52,"Muito Alto",0,0,149,"Muito Alto",2258,"Muito Alto"
"37",1503754,"Jacareacanga (PA)",50,"Muito Alto",0,0,3,"Baixo",60,"Médio Baixo"
"38",1715259,"Novo Jardim (TO)",50,"Muito Alto",0,0,0,0,25,"Baixo"
"39",2108603,"Pinheiro (MA)",47,"Muito Alto",0,0,0,0,19,"Baixo"
"40",1718204,"Porto Nacional (TO)",45,"Muito Alto",0,0,16,"Médio Baixo",984,"Muito Alto"
"41",1707009,"Dianópolis (TO)",44,"Muito Alto",0,0,8,"Médio Baixo",434,"Muito Alto"
"42",5102637,"Campo Novo do Parecis (MT)",44,"Muito Alto",0,0,16,"Médio Baixo",5116,"Muito Alto"
"43",1100304,"Vilhena (RO)",43,"Muito Alto",0,0,24,"Médio Alto",1325,"Muito Alto"
"44",1302504,"Manacapuru (AM)",43,"Muito Alto",0,0,0,0,95,"Médio Baixo"
"45",5107875,"Sapezal (MT)",43,"Muito Alto",0,0,7,"Médio Baixo",6498,"Muito Alto"
"46",1716604,"Peixe (TO)",42,"Muito Alto",0,0,55,"Muito Alto",418,"Muito Alto"
"47",2100055,"Açailândia (MA)",42,"Muito Alto",0,0,0,0,2918,"Muito Alto"
"48",5102686,"Campos de Júlio (MT)",41,"Muito Alto",0,0,0,0,2064,"Muito Alto"
"49",1709302,"Guaraí (TO)",40,"Muito Alto",0,0,1,"Muito Baixo",207,"Médio Alto"
"50",1303403,"Parintins (AM)",39,"Muito Alto",0,0,0,0,0,0
"51",1301209,"Coari (AM)",38,"Muito Alto",340,"Muito Alto",3,"Baixo",4,"Muito Baixo"
"52",1707702,"Filadélfia (TO)",38,"Muito Alto",0,0,18,"Médio Alto",104,"Médio Baixo"
"53",5105200,"Juscimeira (MT)",36,"Muito Alto",0,0,0,0,551,"Muito Alto"
"54",5108857,"Nova Marilândia (MT)",36,"Muito Alto",0,0,0,0,210,"Médio Alto"
"55",1600600,"Santana (AP)",34,"Muito Alto",0,0,0,0,4,"Muito Baixo"
"56",1705508,"Colinas do Tocantins (TO)",33,"Muito Alto",0,0,0,0,234,"Médio Alto"
"57",1300300,"Autazes (AM)",32,"Muito Alto",0,0,0,0,10,"Baixo"
"58",5104104,"Guarantã do Norte (MT)",32,"Muito Alto",0,0,32,"Médio Alto",274,"Médio Alto"
"59",1101450,"Parecis (RO)",31,"Muito Alto",0,0,0,0,322,"Médio Alto"
"60",2104057,"Estreito (MA)",30,"Muito Alto",0,0,6,"Médio Baixo",337,"Médio Alto"
"61",5103304,"Comodoro (MT)",30,"Muito Alto",0,0,1,"Muito Baixo",1017,"Muito Alto"
"62",5106299,"Paranaíta (MT)",30,"Muito Alto",0,0,1,"Muito Baixo",503,"Muito Alto"
"63",1100122,"Ji-Paraná (RO)",28,"Muito Alto",0,0,72,"Muito Alto",596,"Muito Alto"
"64",1304203,"Tefé (AM)",28,"Muito Alto",0,0,0,0,1,"Muito Baixo"
"65",1300805,"Borba (AM)",27,"Muito Alto",0,0,0,0,0,0
"66",5105002,"Jauru (MT)",27,"Muito Alto",0,0,0,0,201,"Médio Alto"
"67",5107800,"Santo Antônio do Leverger (MT)",25,"Muito Alto",0,0,78,"Muito Alto",1414,"Muito Alto"
"68",1702554,"Augustinópolis (TO)",23,"Muito Alto",0,0,0,0,65,"Médio Baixo"
"69",5103254,"Colniza (MT)",23,"Muito Alto",0,0,10,"Médio Baixo",516,"Muito Alto"
"70",5104807,"Jaciara (MT)",23,"Muito Alto",0,0,0,0,630,"Muito Alto"
"71",1100924,"Chupinguaia (RO)",22,"Muito Alto",0,0,0,0,880,"Muito Alto"
"72",1303106,"Nova Olinda do Norte (AM)",21,"Muito Alto",0,0,2,"Baixo",0,0
"73",1304062,"Tabatinga (AM)",21,"Muito Alto",0,0,0,0,0,0
"74",1505536,"Parauapebas (PA)",20,"Muito Alto",0,0,7680,"Muito Alto",289,"Médio Alto"
"75",1721208,"Tocantinópolis (TO)",20,"Muito Alto",0,0,3,"Baixo",118,"Médio Baixo"
"76",1301704,"Humaitá (AM)",19,"Muito Alto",0,0,0,0,29,"Baixo"
"77",5100250,"Alta Floresta (MT)",19,"Muito Alto",0,0,31,"Médio Alto",1351,"Muito Alto"
"78",1303809,"São Gabriel da Cachoeira (AM)",18,"Médio Alto",0,0,0,0,1,"Muito Baixo"
"79",1503606,"Itaituba (PA)",18,"Médio Alto",0,0,586,"Muito Alto",143,"Médio Alto"
"80",1507409,"São Francisco do Pará (PA)",18,"Médio Alto",0,0,0,0,202,"Médio Alto"
"81",1100379,"Alto Alegre dos Parecis (RO)",17,"Médio Alto",0,0,0,0,120,"Médio Baixo"
"82",1506138,"Redenção (PA)",17,"Médio Alto",0,0,13,"Médio Baixo",736,"Muito Alto"
"83",5106182,"Nova Lacerda (MT)",17,"Médio Alto",0,0,97,"Muito Alto",419,"Muito Alto"
"84",5107305,"São José do Rio Claro (MT)",17,"Médio Alto",0,0,0,0,1043,"Muito Alto"
"85",1300706,"Boca do Acre (AM)",16,"Médio Alto",0,0,0,0,371,"Médio Alto"
"86",1505502,"Paragominas (PA)",16,"Médio Alto",0,0,1548,"Muito Alto",2955,"Muito Alto"
"87",1506708,"Santana do Araguaia (PA)",16,"Médio Alto",0,0,9,"Médio Baixo",1358,"Muito Alto"
"88",1100064,"Colorado do Oeste (RO)",15,"Médio Alto",0,0,0,0,178,"Médio Alto"
"89",1500107,"Abaetetuba (PA)",15,"Médio Alto",0,0,10,"Médio Baixo",246,"Médio Alto"
"90",1301001,"Carauari (AM)",14,"Médio Alto",0,0,0,0,10,"Baixo"
"91",1302900,"Maués (AM)",14,"Médio Alto",0,0,0,0,16,"Baixo"
"92",1502202,"Capanema (PA)",14,"Médio Alto",0,0,2,"Baixo",233,"Médio Alto"
"93",1505304,"Oriximiná (PA)",14,"Médio Alto",0,0,1504,"Muito Alto",56,"Médio Baixo"
"94",2101400,"Balsas (MA)",14,"Médio Alto",0,0,20,"Médio Alto",2828,"Muito Alto"
"95",5106265,"Novo Mundo (MT)",14,"Médio Alto",0,0,0,0,398,"Muito Alto"
"96",1300508,"Barreirinha (AM)",13,"Médio Alto",0,0,0,0,0,0
"97",1302108,"Japurá (AM)",13,"Médio Alto",0,0,0,0,0,0
"98",1302702,"Manicoré (AM)",13,"Médio Alto",0,0,0,0,41,"Médio Baixo"
"99",1500701,"Anajás (PA)",13,"Médio Alto",0,0,0,0,0,0
"100",1700707,"Alvorada (TO)",13,"Médio Alto",0,0,0,0,146,"Médio Alto"
"101",1716208,"Paranã (TO)",13,"Médio Alto",0,0,0,0,116,"Médio Baixo"
"102",2109908,"Santa Inês (MA)",13,"Médio Alto",0,0,0,0,184,"Médio Alto"
"103",5103007,"Chapada dos Guimarães (MT)",13,"Médio Alto",0,0,0,0,772,"Muito Alto"
"104",5107792,"Santo Antônio do Leste (MT)",13,"Médio Alto",0,0,0,0,1045,"Muito Alto"
"105",1100148,"Nova Brasilândia D'Oeste (RO)",12,"Médio Alto",0,0,57,"Muito Alto",66,"Médio Baixo"
"106",1301407,"Eirunepé (AM)",12,"Médio Alto",0,0,0,0,0,0
"107",1303205,"Novo Airão (AM)",12,"Médio Alto",0,0,0,0,0,0
"108",1304401,"Urucurituba (AM)",12,"Médio Alto",0,0,0,0,0,0
"109",1702208,"Araguatins (TO)",12,"Médio Alto",0,0,29,"Médio Alto",215,"Médio Alto"
"110",1716703,"Colméia (TO)",12,"Médio Alto",0,0,0,0,78,"Médio Baixo"
"111",2109007,"Porto Franco (MA)",12,"Médio Alto",0,0,42,"Médio Alto",197,"Médio Alto"
"112",5107925,"Sorriso (MT)",12,"Médio Alto",0,0,47,"Médio Alto",3957,"Muito Alto"
"113",1301852,"Iranduba (AM)",11,"Médio Alto",0,0,0,0,156,"Médio Alto"
"114",1302405,"Lábrea (AM)",11,"Médio Alto",0,0,0,0,108,"Médio Baixo"
"115",1303569,"Rio Preto da Eva (AM)",11,"Médio Alto",0,0,0,0,170,"Médio Alto"
"116",1707108,"Divinópolis do Tocantins (TO)",11,"Médio Alto",0,0,1,"Muito Baixo",205,"Médio Alto"
"117",1716505,"Pedro Afonso (TO)",11,"Médio Alto",0,0,1,"Muito Baixo",199,"Médio Alto"
"118",1720903,"Taguatinga (TO)",11,"Médio Alto",0,0,54,"Muito Alto",102,"Médio Baixo"
"119",5101258,"Araputanga (MT)",11,"Médio Alto",0,0,0,0,454,"Muito Alto"
"120",5106752,"Pontes e Lacerda (MT)",11,"Médio Alto",0,0,308,"Muito Alto",1282,"Muito Alto"
"121",1300607,"Benjamin Constant (AM)",10,"Médio Alto",0,0,0,0,0,0
"122",1300680,"Boa Vista do Ramos (AM)",10,"Médio Alto",0,0,0,0,0,0
"123",1301100,"Careiro (AM)",10,"Médio Alto",0,0,0,0,4,"Muito Baixo"
"124",1302553,"Manaquiri (AM)",10,"Médio Alto",0,0,0,0,0,0
"125",1502509,"Chaves (PA)",10,"Médio Alto",0,0,0,0,153,"Médio Alto"
"126",1702307,"Arapoema (TO)",10,"Médio Alto",0,0,0,0,338,"Médio Alto"
"127",1715754,"Palmeirópolis (TO)",10,"Médio Alto",0,0,10,"Médio Baixo",128,"Médio Alto"
"128",5103502,"Diamantino (MT)",10,"Médio Alto",0,0,22,"Médio Alto",3327,"Muito Alto"
"129",5106281,"Novo São Joaquim (MT)",10,"Médio Alto",0,0,0,0,914,"Muito Alto"
"130",5108907,"Nova Maringá (MT)",10,"Médio Alto",0,0,0,0,752,"Muito Alto"
"131",1303700,"Santo Antônio do Içá (AM)",9,"Médio Alto",0,0,0,0,0,0
"132",1303908,"São Paulo de Olivença (AM)",9,"Médio Alto",0,0,0,0,0,0
"133",1304302,"Urucará (AM)",9,"Médio Alto",0,0,5,"Baixo",4,"Muito Baixo"
"134",1501006,"Aveiro (PA)",9,"Médio Alto",0,0,15,"Médio Baixo",41,"Médio Baixo"
"135",1506401,"Santa Cruz do Arari (PA)",9,"Médio Alto",0,0,0,0,18,"Baixo"
"136",1702000,"Araguaçu (TO)",9,"Médio Alto",0,0,0,0,573,"Muito Alto"
"137",1702406,"Arraias (TO)",9,"Médio Alto",0,0,25,"Médio Alto",160,"Médio Alto"
"138",1709005,"Goiatins (TO)",9,"Médio Alto",0,0,0,0,196,"Médio Alto"
"139",1710508,"Itacajá (TO)",9,"Médio Alto",0,0,0,0,62,"Médio Baixo"
"140",1711902,"Lagoa da Confusão (TO)",9,"Médio Alto",0,0,26,"Médio Alto",800,"Muito Alto"
"141",1713304,"Miranorte (TO)",9,"Médio Alto",0,0,0,0,216,"Médio Alto"
"142",1714880,"Nova Olinda (TO)",9,"Médio Alto",0,0,0,0,90,"Médio Baixo"
"143",1718865,"Santa Fé do Araguaia (TO)",9,"Médio Alto",0,0,0,0,315,"Médio Alto"
"144",1722107,"Xambioá (TO)",9,"Médio Alto",0,0,58,"Muito Alto",244,"Médio Alto"
"145",5101902,"Brasnorte (MT)",9,"Médio Alto",6,"Baixo",0,0,1744,"Muito Alto"
"146",1300029,"Alvarães (AM)",8,"Médio Baixo",0,0,0,0,1,"Muito Baixo"
"147",1300201,"Atalaia do Norte (AM)",8,"Médio Baixo",0,0,0,0,0,0
"148",1300409,"Barcelos (AM)",8,"Médio Baixo",0,0,5,"Baixo",0,0
"149",1300631,"Beruri (AM)",8,"Médio Baixo",0,0,0,0,0,0
"150",1301159,"Careiro da Várzea (AM)",8,"Médio Baixo",0,0,0,0,0,0
"151",1303304,"Novo Aripuanã (AM)",8,"Médio Baixo",0,0,0,0,3,"Muito Baixo"
"152",1303502,"Pauini (AM)",8,"Médio Baixo",0,0,0,0,0,0
"153",1701002,"Ananás (TO)",8,"Médio Baixo",0,0,0,0,222,"Médio Alto"
"154",1706100,"Cristalândia (TO)",8,"Médio Baixo",0,0,0,0,205,"Médio Alto"
"155",1707207,"Dois Irmãos do Tocantins (TO)",8,"Médio Baixo",0,0,0,0,203,"Médio Alto"
"156",1714203,"Natividade (TO)",8,"Médio Baixo",0,0,155,"Muito Alto",134,"Médio Alto"
"157",1717909,"Ponte Alta do Tocantins (TO)",8,"Médio Baixo",0,0,0,0,74,"Médio Baixo"
"158",5102603,"Campinápolis (MT)",8,"Médio Baixo",0,0,0,0,363,"Médio Alto"
"159",5106000,"Nortelândia (MT)",8,"Médio Baixo",0,0,0,0,266,"Médio Alto"
"160",1301308,"Codajás (AM)",7,"Médio Baixo",0,0,0,0,0,0
"161",1301803,"Ipixuna (AM)",7,"Médio Baixo",0,0,0,0,1,"Muito Baixo"
"162",1303007,"Nhamundá (AM)",7,"Médio Baixo",0,0,0,0,0,0
"163",1303601,"Santa Isabel do Rio Negro (AM)",7,"Médio Baixo",0,0,0,0,0,0
"164",1304005,"Silves (AM)",7,"Médio Baixo",0,0,0,0,0,0
"165",1304260,"Uarini (AM)",7,"Médio Baixo",0,0,0,0,0,0
"166",1508407,"Xinguara (PA)",7,"Médio Baixo",0,0,44,"Médio Alto",1151,"Muito Alto"
"167",1600279,"Laranjal do Jari (AP)",7,"Médio Baixo",0,0,0,0,2,"Muito Baixo"
"168",1700400,"Almas (TO)",7,"Médio Baixo",0,0,8,"Médio Baixo",148,"Médio Alto"
"169",1718402,"Presidente Kennedy (TO)",7,"Médio Baixo",0,0,0,0,44,"Médio Baixo"
"170",1718907,"Santa Rosa do Tocantins (TO)",7,"Médio Baixo",0,0,0,0,162,"Médio Alto"
"171",1722081,"Wanderlândia (TO)",7,"Médio Baixo",0,0,2,"Baixo",157,"Médio Alto"
"172",2102606,"Cândido Mendes (MA)",7,"Médio Baixo",0,0,0,0,2,"Muito Baixo"
"173",2103000,"Caxias (MA)",7,"Médio Baixo",0,0,25,"Médio Alto",268,"Médio Alto"
"174",2105401,"Itapecuru Mirim (MA)",7,"Médio Baixo",0,0,2,"Baixo",35,"Médio Baixo"
"175",5100607,"Alto Taquari (MT)",7,"Médio Baixo",0,0,1,"Muito Baixo",587,"Muito Alto"
"176",5105259,"Lucas do Rio Verde (MT)",7,"Médio Baixo",0,0,18,"Médio Alto",2537,"Muito Alto"
"177",1300904,"Canutama (AM)",6,"Médio Baixo",0,0,0,0,26,"Baixo"
"178",1302207,"Juruá (AM)",6,"Médio Baixo",0,0,0,0,0,0
"179",1302306,"Jutaí (AM)",6,"Médio Baixo",0,0,0,0,0,0
"180",1302801,"Maraã (AM)",6,"Médio Baixo",0,0,0,0,0,0
"181",1304237,"Tonantins (AM)",6,"Médio Baixo",0,0,0,0,0,0
"182",1701101,"Aparecida do Rio Negro (TO)",6,"Médio Baixo",0,0,0,0,155,"Médio Alto"
"183",1701903,"Araguacema (TO)",6,"Médio Baixo",0,0,0,0,175,"Médio Alto"
"184",1703107,"Barrolândia (TO)",6,"Médio Baixo",0,0,0,0,77,"Médio Baixo"
"185",1703909,"Caseara (TO)",6,"Médio Baixo",0,0,0,0,358,"Médio Alto"
"186",1705557,"Combinado (TO)",6,"Médio Baixo",0,0,0,0,11,"Baixo"
"187",1707306,"Dueré (TO)",6,"Médio Baixo",0,0,5,"Baixo",306,"Médio Alto"
"188",1707405,"Esperantina (TO)",6,"Médio Baixo",0,0,0,0,15,"Baixo"
"189",1708205,"Formoso do Araguaia (TO)",6,"Médio Baixo",0,0,43,"Médio Alto",865,"Muito Alto"
"190",1712504,"Marianópolis do Tocantins (TO)",6,"Médio Baixo",0,0,0,0,364,"Médio Alto"
"191",1713601,"Monte do Carmo (TO)",6,"Médio Baixo",0,0,0,0,185,"Médio Alto"
"192",1717503,"Pium (TO)",6,"Médio Baixo",0,0,0,0,404,"Muito Alto"
"193",1720150,"São Félix do Tocantins (TO)",6,"Médio Baixo",0,0,0,0,3,"Muito Baixo"
"194",1720655,"Silvanópolis (TO)",6,"Médio Baixo",0,0,0,0,122,"Médio Baixo"
"195",1721109,"Tocantínia (TO)",6,"Médio Baixo",0,0,0,0,61,"Médio Baixo"
"196",2104800,"Grajaú (MA)",6,"Médio Baixo",0,0,87,"Muito Alto",1128,"Muito Alto"
"197",5103361,"Conquista D'Oeste (MT)",6,"Médio Baixo",0,0,0,0,200,"Médio Alto"
"198",5106224,"Nova Mutum (MT)",6,"Médio Baixo",0,0,10,"Médio Baixo",3422,"Muito Alto"
"199",5106240,"Nova Ubiratã (MT)",6,"Médio Baixo",0,0,0,0,1929,"Muito Alto"
"200",1300144,"Apuí (AM)",5,"Médio Baixo",0,0,1,"Muito Baixo",7,"Muito Baixo"
"201",1301605,"Fonte Boa (AM)",5,"Médio Baixo",0,0,0,0,0,0
"202",1301951,"Itamarati (AM)",5,"Médio Baixo",0,0,0,0,0,0
"203",1302009,"Itapiranga (AM)",5,"Médio Baixo",0,0,0,0,0,0
"204",1304104,"Tapauá (AM)",5,"Médio Baixo",0,0,0,0,0,0
"205",1506609,"Santa Maria do Pará (PA)",5,"Médio Baixo",0,0,1,"Muito Baixo",50,"Médio Baixo"
"206",1703842,"Campos Lindos (TO)",5,"Médio Baixo",0,0,0,0,448,"Muito Alto"
"207",1707553,"Fátima (TO)",5,"Médio Baixo",0,0,0,0,48,"Médio Baixo"
"208",1720804,"Sítio Novo do Tocantins (TO)",5,"Médio Baixo",0,0,0,0,50,"Médio Baixo"
"209",2101251,"Bacabeira (MA)",5,"Médio Baixo",0,0,212,"Muito Alto",12,"Baixo"
"210",2108207,"Pedreiras (MA)",5,"Médio Baixo",0,0,0,0,36,"Médio Baixo"
"211",2108454,"Peritoró (MA)",5,"Médio Baixo",0,0,0,0,29,"Baixo"
"212",1300060,"Amaturá (AM)",4,"Médio Baixo",0,0,0,0,0,0
"213",1300102,"Anori (AM)",4,"Médio Baixo",0,0,0,0,0,0
"214",1301506,"Envira (AM)",4,"Médio Baixo",0,0,0,0,2,"Muito Baixo"
"215",1301654,"Guajará (AM)",4,"Médio Baixo",0,0,0,0,7,"Muito Baixo"
"216",1303957,"São Sebastião do Uatumã (AM)",4,"Médio Baixo",0,0,0,0,0,0
"217",1501709,"Bragança (PA)",4,"Médio Baixo",0,0,0,0,80,"Médio Baixo"
"218",1501808,"Breves (PA)",4,"Médio Baixo",0,0,0,0,0,0
"219",1505437,"Ourilândia do Norte (PA)",4,"Médio Baixo",0,0,841,"Muito Alto",138,"Médio Alto"
"220",1508001,"Tomé-Açu (PA)",4,"Médio Baixo",0,0,23,"Médio Alto",1823,"Muito Alto"
"221",1508159,"Uruará (PA)",4,"Médio Baixo",0,0,0,0,176,"Médio Alto"
"222",1702901,"Axixá do Tocantins (TO)",4,"Médio Baixo",0,0,0,0,35,"Médio Baixo"
"223",1703800,"Buriti do Tocantins (TO)",4,"Médio Baixo",0,0,0,0,15,"Baixo"
"224",1705607,"Conceição do Tocantins (TO)",4,"Médio Baixo",0,0,0,0,37,"Médio Baixo"
"225",1707652,"Figueirópolis (TO)",4,"Médio Baixo",0,0,0,0,212,"Médio Alto"
"226",1717008,"Pindorama do Tocantins (TO)",4,"Médio Baixo",0,0,1,"Muito Baixo",39,"Médio Baixo"
"227",1718501,"Recursolândia (TO)",4,"Médio Baixo",0,0,0,0,54,"Médio Baixo"
"228",1718758,"Rio Sono (TO)",4,"Médio Baixo",0,0,0,0,61,"Médio Baixo"
"229",1719004,"Santa Tereza do Tocantins (TO)",4,"Médio Baixo",0,0,0,0,24,"Baixo"
"230",1720499,"São Valério (TO)",4,"Médio Baixo",0,0,0,0,100,"Médio Baixo"
"231",2103307,"Codó (MA)",4,"Médio Baixo",0,0,44,"Médio Alto",293,"Médio Alto"
"232",2110005,"Santa Luzia (MA)",4,"Médio Baixo",0,0,0,0,389,"Muito Alto"
"233",2112803,"Viana (MA)",4,"Médio Baixo",0,0,0,0,32,"Baixo"
"234",1300086,"Anamã (AM)",3,"Baixo",0,0,0,0,0,0
"235",1300839,"Caapiranga (AM)",3,"Baixo",0,0,0,0,0,0
"236",1502152,"Canaã dos Carajás (PA)",3,"Baixo",0,0,4275,"Muito Alto",266,"Médio Alto"
"237",1502301,"Capitão Poço (PA)",3,"Baixo",0,0,12,"Médio Baixo",578,"Muito Alto"
"238",1502756,"Concórdia do Pará (PA)",3,"Baixo",0,0,0,0,1091,"Muito Alto"
"239",1503804,"Jacundá (PA)",3,"Baixo",0,0,0,0,155,"Médio Alto"
"240",1505031,"Novo Progresso (PA)",3,"Baixo",0,0,30,"Médio Alto",355,"Médio Alto"
"241",1505809,"Portel (PA)",3,"Baixo",0,0,0,0,139,"Médio Alto"
"242",1506187,"Rondon do Pará (PA)",3,"Baixo",0,0,15,"Médio Baixo",772,"Muito Alto"
"243",1506203,"Salinópolis (PA)",3,"Baixo",0,0,0,0,3,"Muito Baixo"
"244",1506302,"Salvaterra (PA)",3,"Baixo",0,0,0,0,19,"Baixo"
"245",1508209,"Vigia (PA)",3,"Baixo",0,0,8,"Médio Baixo",663,"Muito Alto"
"246",1600055,"Serra do Navio (AP)",3,"Baixo",0,0,0,0,0,0
"247",1700350,"Aliança do Tocantins (TO)",3,"Baixo",0,0,0,0,138,"Médio Alto"
"248",1703206,"Bernardo Sayão (TO)",3,"Baixo",0,0,0,0,153,"Médio Alto"
"249",1703701,"Brejinho de Nazaré (TO)",3,"Baixo",0,0,0,0,333,"Médio Alto"
"250",1706001,"Couto Magalhães (TO)",3,"Baixo",0,0,1,"Muito Baixo",116,"Médio Baixo"
"251",1710706,"Itaguatins (TO)",3,"Baixo",0,0,0,0,69,"Médio Baixo"
"252",1711506,"Jaú do Tocantins (TO)",3,"Baixo",0,0,14,"Médio Baixo",63,"Médio Baixo"
"253",1712009,"Lajeado (TO)",3,"Baixo",0,0,0,0,18,"Baixo"
"254",1712405,"Lizarda (TO)",3,"Baixo",0,0,0,0,16,"Baixo"
"255",1712454,"Luzinópolis (TO)",3,"Baixo",0,0,0,0,50,"Médio Baixo"
"256",1712702,"Mateiros (TO)",3,"Baixo",0,0,0,0,199,"Médio Alto"
"257",1715002,"Nova Rosalândia (TO)",3,"Baixo",0,0,0,0,33,"Baixo"
"258",1715705,"Palmeirante (TO)",3,"Baixo",0,0,11,"Médio Baixo",116,"Médio Baixo"
"259",1718840,"Sandolândia (TO)",3,"Baixo",0,0,0,0,179,"Médio Alto"
"260",1718881,"Santa Maria do Tocantins (TO)",3,"Baixo",0,0,0,0,36,"Médio Baixo"
"261",2101608,"Barra do Corda (MA)",3,"Baixo",0,0,0,0,226,"Médio Alto"
"262",2109601,"Rosário (MA)",3,"Baixo",0,0,36,"Médio Alto",4,"Muito Baixo"
"263",2111508,"São Mateus do Maranhão (MA)",3,"Baixo",0,0,0,0,30,"Baixo"
"264",1100106,"Guajará-Mirim (RO)",2,"Muito Baixo",0,0,0,0,64,"Médio Baixo"
"265",1101468,"Pimenteiras do Oeste (RO)",2,"Muito Baixo",0,0,2,"Baixo",294,"Médio Alto"
"266",1101492,"São Francisco do Guaporé (RO)",2,"Muito Baixo",0,0,6,"Médio Baixo",246,"Médio Alto"
"267",1400472,"Rorainópolis (RR)",2,"Muito Baixo",0,0,11,"Médio Baixo",197,"Médio Alto"
"268",1500404,"Alenquer (PA)",2,"Muito Baixo",0,0,0,0,15,"Baixo"
"269",1502103,"Cametá (PA)",2,"Muito Baixo",0,0,0,0,0,0
"270",1502707,"Conceição do Araguaia (PA)",2,"Muito Baixo",0,0,66,"Muito Alto",273,"Médio Alto"
"271",1502954,"Eldorado do Carajás (PA)",2,"Muito Baixo",0,0,27,"Médio Alto",90,"Médio Baixo"
"272",1504604,"Mocajuba (PA)",2,"Muito Baixo",0,0,0,0,3,"Muito Baixo"
"273",1504802,"Monte Alegre (PA)",2,"Muito Baixo",0,0,7,"Médio Baixo",55,"Médio Baixo"
"274",1505064,"Novo Repartimento (PA)",2,"Muito Baixo",0,0,0,0,436,"Muito Alto"
"275",1506195,"Rurópolis (PA)",2,"Muito Baixo",0,0,48,"Muito Alto",8,"Baixo"
"276",1507151,"São Domingos do Araguaia (PA)",2,"Muito Baixo",0,0,0,0,146,"Médio Alto"
"277",1507300,"São Félix do Xingu (PA)",2,"Muito Baixo",0,0,22,"Médio Alto",1821,"Muito Alto"
"278",1507953,"Tailândia (PA)",2,"Muito Baixo",0,0,3,"Baixo",3334,"Muito Alto"
"279",1507961,"Terra Alta (PA)",2,"Muito Baixo",0,0,0,0,51,"Médio Baixo"
"280",1508084,"Tucumã (PA)",2,"Muito Baixo",0,0,14,"Médio Baixo",143,"Médio Alto"
"281",1703008,"Babaçulândia (TO)",2,"Muito Baixo",0,0,9,"Médio Baixo",469,"Muito Alto"
"282",1717206,"Piraquê (TO)",2,"Muito Baixo",0,0,0,0,294,"Médio Alto"
"283",2101004,"Arari (MA)",2,"Muito Baixo",0,0,0,0,11,"Baixo"
"284",2102325,"Buriticupu (MA)",2,"Muito Baixo",0,0,0,0,244,"Médio Alto"
"285",2102705,"Cantanhede (MA)",2,"Muito Baixo",0,0,0,0,6,"Muito Baixo"
"286",2102804,"Carolina (MA)",2,"Muito Baixo",0,0,32,"Médio Alto",469,"Muito Alto"
"287",2102903,"Carutapera (MA)",2,"Muito Baixo",0,0,0,0,95,"Médio Baixo"
"288",2103505,"Colinas (MA)",2,"Muito Baixo",0,0,59,"Muito Alto",43,"Médio Baixo"
"289",2103604,"Coroatá (MA)",2,"Muito Baixo",0,0,0,0,57,"Médio Baixo"
"290",2103802,"Dom Pedro (MA)",2,"Muito Baixo",0,0,0,0,7,"Muito Baixo"
"291",2104107,"Fortaleza dos Nogueiras (MA)",2,"Muito Baixo",0,0,1,"Muito Baixo",92,"Médio Baixo"
"292",2105708,"Lago da Pedra (MA)",2,"Muito Baixo",0,0,0,0,66,"Médio Baixo"
"293",2106805,"Mirinzal (MA)",2,"Muito Baixo",0,0,0,0,0,0
"294",2110708,"São Domingos do Maranhão (MA)",2,"Muito Baixo",0,0,0,0,6,"Muito Baixo"
"295",2111805,"Sítio Novo (MA)",2,"Muito Baixo",0,0,0,0,72,"Médio Baixo"
"296",2112001,"Tasso Fragoso (MA)",2,"Muito Baixo",0,0,0,0,1034,"Muito Alto"
"297",2113009,"Vitorino Freire (MA)",2,"Muito Baixo",0,0,0,0,163,"Médio Alto"
"298",2114007,"Zé Doca (MA)",2,"Muito Baixo",0,0,0,0,39,"Médio Baixo"
"299",5101704,"Barra do Bugres (MT)",2,"Muito Baixo",0,0,55,"Muito Alto",1518,"Muito Alto"
"300",5106158,"Nova Bandeirantes (MT)",2,"Muito Baixo",0,0,17,"Médio Baixo",380,"Muito Alto"
"301",1100049,"Cacoal (RO)",1,"Muito Baixo",0,0,66,"Muito Alto",506,"Muito Alto"
"302",1100114,"Jaru (RO)",1,"Muito Baixo",0,0,21,"Médio Alto",353,"Médio Alto"
"303",1400027,"Amajari (RR)",1,"Muito Baixo",0,0,0,0,95,"Médio Baixo"
"304",1400308,"Mucajaí (RR)",1,"Muito Baixo",0,0,39,"Médio Alto",127,"Médio Alto"
"305",1400506,"São João da Baliza (RR)",1,"Muito Baixo",0,0,0,0,10,"Baixo"
"306",1500859,"Anapu (PA)",1,"Muito Baixo",0,0,8,"Médio Baixo",50,"Médio Baixo"
"307",1503903,"Juruti (PA)",1,"Muito Baixo",0,0,473,"Muito Alto",94,"Médio Baixo"
"308",1504059,"Mãe do Rio (PA)",1,"Muito Baixo",0,0,0,0,192,"Médio Alto"
"309",1504703,"Moju (PA)",1,"Muito Baixo",0,0,24,"Médio Alto",3225,"Muito Alto"
"310",1505106,"Óbidos (PA)",1,"Muito Baixo",0,0,0,0,53,"Médio Baixo"
"311",1506583,"Santa Maria das Barreiras (PA)",1,"Muito Baixo",0,0,2,"Baixo",977,"Muito Alto"
"312",1718303,"Praia Norte (TO)",1,"Muito Baixo",0,0,0,0,12,"Baixo"
"313",2104404,"Gonçalves Dias (MA)",1,"Muito Baixo",0,0,0,0,0,0
"314",2105203,"Igarapé Grande (MA)",1,"Muito Baixo",0,0,0,0,7,"Muito Baixo"
"315",5100300,"Alto Araguaia (MT)",1,"Muito Baixo",0,0,4,"Baixo",462,"Muito Alto"
"316",5107156,"Reserva do Cabaçal (MT)",1,"Muito Baixo",0,0,0,0,38,"Médio Baixo"
"317",5107198,"Ribeirãozinho (MT)",1,"Muito Baixo",0,0,0,0,81,"Médio Baixo"
"318",5108352,"Vale de São Domingos (MT)",1,"Muito Baixo",0,0,0,0,85,"Médio Baixo"
"319",1502772,"Curionópolis (PA)",0,0,0,0,787,"Muito Alto",446,"Muito Alto"
"320",5106505,"Poconé (MT)",0,0,0,0,518,"Muito Alto",731,"Muito Alto"
"321",1600154,"Pedra Branca do Amapari (AP)",0,0,0,0,464,"Muito Alto",1,"Muito Baixo"
"322",5105903,"Nobres (MT)",0,0,0,0,390,"Muito Alto",275,"Médio Alto"
"323",5106257,"Nova Xavantina (MT)",0,0,0,0,386,"Muito Alto",617,"Muito Alto"
"324",5106109,"Nossa Senhora do Livramento (MT)",0,0,0,0,343,"Muito Alto",452,"Muito Alto"
"325",1100023,"Ariquemes (RO)",0,0,0,0,331,"Muito Alto",995,"Muito Alto"
"326",1101104,"Itapuã do Oeste (RO)",0,0,0,0,280,"Muito Alto",114,"Médio Baixo"
"327",2104305,"Godofredo Viana (MA)",0,0,0,0,279,"Muito Alto",0,0
"328",5106422,"Peixoto de Azevedo (MT)",0,0,0,0,242,"Muito Alto",429,"Muito Alto"
"329",1503457,"Ipixuna do Pará (PA)",0,0,0,0,216,"Muito Alto",371,"Médio Alto"
"330",5106828,"Porto Esperidião (MT)",0,0,0,0,135,"Muito Alto",883,"Muito Alto"
"331",5103106,"Cocalinho (MT)",0,0,0,0,128,"Muito Alto",621,"Muito Alto"
"332",5107701,"Rosário Oeste (MT)",0,0,0,0,101,"Muito Alto",589,"Muito Alto"
"333",1600204,"Calçoene (AP)",0,0,0,0,98,"Muito Alto",2,"Muito Baixo"
"334",1500503,"Almeirim (PA)",0,0,0,0,93,"Muito Alto",267,"Médio Alto"
"335",5107008,"Poxoréu (MT)",0,0,0,0,91,"Muito Alto",1411,"Muito Alto"
"336",1703057,"Bandeirantes do Tocantins (TO)",0,0,0,0,73,"Muito Alto",276,"Médio Alto"
"337",1705102,"Chapada da Natividade (TO)",0,0,0,0,71,"Muito Alto",78,"Médio Baixo"
"338",5102504,"Cáceres (MT)",0,0,0,0,65,"Muito Alto",2069,"Muito Alto"
"339",2112233,"Trizidela do Vale (MA)",0,0,0,0,59,"Muito Alto",6,"Muito Baixo"
"340",2103174,"Centro Novo do Maranhão (MA)",0,0,0,0,55,"Muito Alto",24,"Baixo"
"341",5108402,"Várzea Grande (MT)",0,0,0,0,50,"Muito Alto",196,"Médio Alto"
"342",5103353,"Confresa (MT)",0,0,0,0,48,"Muito Alto",442,"Muito Alto"
"343",1507458,"São Geraldo do Araguaia (PA)",0,0,0,0,44,"Médio Alto",394,"Muito Alto"
"344",5104203,"Guiratinga (MT)",0,0,0,0,43,"Médio Alto",653,"Muito Alto"
"345",5106307,"Paranatinga (MT)",0,0,0,0,43,"Médio Alto",1673,"Muito Alto"
"346",1100130,"Machadinho D'Oeste (RO)",0,0,0,0,39,"Médio Alto",204,"Médio Alto"
"347",1600402,"Mazagão (AP)",0,0,0,0,39,"Médio Alto",5,"Muito Baixo"
"348",1100254,"Presidente Médici (RO)",0,0,0,0,38,"Médio Alto",199,"Médio Alto"
"349",1600808,"Vitória do Jari (AP)",0,0,0,0,35,"Médio Alto",0,0
"350",1718451,"Pugmil (TO)",0,0,0,0,35,"Médio Alto",40,"Médio Baixo"
"351",5108055,"Terra Nova do Norte (MT)",0,0,0,0,32,"Médio Alto",214,"Médio Alto"
"352",5100201,"Água Boa (MT)",0,0,0,0,31,"Médio Alto",1147,"Muito Alto"
"353",5103957,"Glória D'Oeste (MT)",0,0,0,0,31,"Médio Alto",134,"Médio Alto"
"354",5105606,"Matupá (MT)",0,0,0,0,31,"Médio Alto",646,"Muito Alto"
"355",1505403,"Ourém (PA)",0,0,0,0,29,"Médio Alto",25,"Baixo"
"356",2108009,"Pastos Bons (MA)",0,0,0,0,29,"Médio Alto",5,"Muito Baixo"
"357",5105150,"Juína (MT)",0,0,0,0,29,"Médio Alto",745,"Muito Alto"
"358",1506351,"Santa Bárbara do Pará (PA)",0,0,0,0,28,"Médio Alto",448,"Muito Alto"
"359",1100262,"Rio Crespo (RO)",0,0,0,0,24,"Médio Alto",288,"Médio Alto"
"360",5106190,"Nova Santa Helena (MT)",0,0,0,0,22,"Médio Alto",254,"Médio Alto"
"361",1100098,"Espigão D'Oeste (RO)",0,0,0,0,21,"Médio Alto",428,"Muito Alto"
"362",5108808,"Nova Guarita (MT)",0,0,0,0,21,"Médio Alto",125,"Médio Alto"
"363",1507805,"Senador José Porfírio (PA)",0,0,0,0,20,"Médio Alto",17,"Baixo"
"364",5106851,"Porto Estrela (MT)",0,0,0,0,20,"Médio Alto",176,"Médio Alto"
"365",5101803,"Barra do Garças (MT)",0,0,0,0,18,"Médio Alto",961,"Muito Alto"
"366",5107040,"Primavera do Leste (MT)",0,0,0,0,18,"Médio Alto",4217,"Muito Alto"
"367",1501956,"Cachoeira do Piriá (PA)",0,0,0,0,17,"Médio Baixo",14,"Baixo"
"368",1100452,"Buritis (RO)",0,0,0,0,15,"Médio Baixo",149,"Médio Alto"
"369",1501725,"Brasil Novo (PA)",0,0,0,0,15,"Médio Baixo",36,"Médio Baixo"
"370",1600535,"Porto Grande (AP)",0,0,0,0,15,"Médio Baixo",344,"Médio Alto"
"371",5107180,"Ribeirão Cascalheira (MT)",0,0,0,0,15,"Médio Baixo",418,"Muito Alto"
"372",1508035,"Tracuateua (PA)",0,0,0,0,13,"Médio Baixo",12,"Baixo"
"373",5100409,"Alto Garças (MT)",0,0,0,0,11,"Médio Baixo",1609,"Muito Alto"
"374",1505494,"Palestina do Pará (PA)",0,0,0,0,10,"Médio Baixo",132,"Médio Alto"
"375",1600501,"Oiapoque (AP)",0,0,0,0,10,"Médio Baixo",0,0
"376",2110203,"Santa Rita (MA)",0,0,0,0,10,"Médio Baixo",32,"Baixo"
"377",1702158,"Araguanã (TO)",0,0,0,0,9,"Médio Baixo",219,"Médio Alto"
"378",1721257,"Tupirama (TO)",0,0,0,0,9,"Médio Baixo",28,"Baixo"
"379",1502764,"Cumaru do Norte (PA)",0,0,0,0,8,"Médio Baixo",1275,"Muito Alto"
"380",1100809,"Candeias do Jamari (RO)",0,0,0,0,7,"Médio Baixo",341,"Médio Alto"
"381",1500206,"Acará (PA)",0,0,0,0,7,"Médio Baixo",1180,"Muito Alto"
"382",1501782,"Breu Branco (PA)",0,0,0,0,7,"Médio Baixo",387,"Muito Alto"
"383",5102702,"Canarana (MT)",0,0,0,0,7,"Médio Baixo",1296,"Muito Alto"
"384",5105101,"Juara (MT)",0,0,0,0,7,"Médio Baixo",1584,"Muito Alto"
"385",5105507,"Vila Bela da Santíssima Trindade (MT)",0,0,0,0,7,"Médio Baixo",1831,"Muito Alto"
"386",1100296,"Santa Luzia D'Oeste (RO)",0,0,0,0,6,"Médio Baixo",283,"Médio Alto"
"387",1506500,"Santa Izabel do Pará (PA)",0,0,0,0,6,"Médio Baixo",3789,"Muito Alto"
"388",2112100,"Timbiras (MA)",0,0,0,0,6,"Médio Baixo",6,"Muito Baixo"
"389",5104906,"Jangada (MT)",0,0,0,0,6,"Médio Baixo",183,"Médio Alto"
"390",1713700,"Monte Santo do Tocantins (TO)",0,0,0,0,5,"Baixo",75,"Médio Baixo"
"391",2101772,"Bela Vista do Maranhão (MA)",0,0,0,0,5,"Baixo",105,"Médio Baixo"
"392",5108600,"Vila Rica (MT)",0,0,0,0,5,"Baixo",827,"Muito Alto"
"393",1100080,"Costa Marques (RO)",0,0,0,0,4,"Baixo",92,"Médio Baixo"
"394",1718808,"Sampaio (TO)",0,0,0,0,4,"Baixo",5,"Muito Baixo"
"395",5103452,"Denise (MT)",0,0,0,0,4,"Baixo",267,"Médio Alto"
"396",1101302,"Mirante da Serra (RO)",0,0,0,0,3,"Baixo",49,"Médio Baixo"
"397",1700301,"Aguiarnópolis (TO)",0,0,0,0,3,"Baixo",903,"Muito Alto"
"398",5106174,"Nova Nazaré (MT)",0,0,0,0,3,"Baixo",123,"Médio Alto"
"399",1100502,"Novo Horizonte do Oeste (RO)",0,0,0,0,2,"Baixo",47,"Médio Baixo"
"400",1101401,"Monte Negro (RO)",0,0,0,0,2,"Baixo",157,"Médio Alto"
"401",1200104,"Brasiléia (AC)",0,0,0,0,2,"Baixo",61,"Médio Baixo"
"402",1400209,"Caracaraí (RR)",0,0,0,0,2,"Baixo",72,"Médio Baixo"
"403",1501501,"Benevides (PA)",0,0,0,0,2,"Baixo",387,"Muito Alto"
"404",1506161,"Rio Maria (PA)",0,0,0,0,2,"Baixo",511,"Muito Alto"
"405",1709807,"Ipueiras (TO)",0,0,0,0,2,"Baixo",54,"Médio Baixo"
"406",2107506,"Paço do Lumiar (MA)",0,0,0,0,2,"Baixo",505,"Muito Alto"
"407",2109551,"Ribamar Fiquene (MA)",0,0,0,0,2,"Baixo",124,"Médio Alto"
"408",5100102,"Acorizal (MT)",0,0,0,0,2,"Baixo",147,"Médio Alto"
"409",5103437,"Curvelândia (MT)",0,0,0,0,2,"Baixo",30,"Baixo"
"410",5108006,"Tapurah (MT)",0,0,0,0,2,"Baixo",1818,"Muito Alto"
"411",1200252,"Epitaciolândia (AC)",0,0,0,0,1,"Muito Baixo",13,"Baixo"
"412",1507508,"São João do Araguaia (PA)",0,0,0,0,1,"Muito Baixo",93,"Médio Baixo"
"413",1716307,"Pau D'Arco (TO)",0,0,0,0,1,"Muito Baixo",81,"Médio Baixo"
"414",2104552,"Governador Edison Lobão (MA)",0,0,0,0,1,"Muito Baixo",130,"Médio Alto"
"415",2106326,"Maracaçumé (MA)",0,0,0,0,1,"Muito Baixo",54,"Médio Baixo"
"416",2107704,"Paraibano (MA)",0,0,0,0,1,"Muito Baixo",4,"Muito Baixo"
"417",2111201,"São José de Ribamar (MA)",0,0,0,0,1,"Muito Baixo",51,"Médio Baixo"
"418",5101308,"Arenápolis (MT)",0,0,0,0,1,"Muito Baixo",68,"Médio Baixo"
"419",5104542,"Itanhangá (MT)",0,0,0,0,1,"Muito Baixo",204,"Médio Alto"
"420",5105234,"Lambari D'Oeste (MT)",0,0,0,0,1,"Muito Baixo",585,"Muito Alto"
"421",5106216,"Nova Canaã do Norte (MT)",0,0,0,0,1,"Muito Baixo",667,"Muito Alto"
"422",5106372,"Pedra Preta (MT)",0,0,0,0,1,"Muito Baixo",2290,"Muito Alto"
"423",5106802,"Porto dos Gaúchos (MT)",0,0,0,0,1,"Muito Baixo",961,"Muito Alto"
"424",5107206,"Rio Branco (MT)",0,0,0,0,1,"Muito Baixo",91,"Médio Baixo"
"425",5108501,"Vera (MT)",0,0,0,0,1,"Muito Baixo",1055,"Muito Alto"
"426",5102678,"Campo Verde (MT)",0,0,0,0,0,0,3866,"Muito Alto"
"427",1500800,"Ananindeua (PA)",0,0,0,0,0,0,2146,"Muito Alto"
"428",5107065,"Querência (MT)",0,0,0,0,0,0,2042,"Muito Alto"
"429",5106232,"Nova Olímpia (MT)",0,0,0,0,0,0,1837,"Muito Alto"
"430",5104526,"Ipiranga do Norte (MT)",0,0,0,0,0,0,1505,"Muito Alto"
"431",5107859,"São Félix do Araguaia (MT)",0,0,0,0,0,0,1276,"Muito Alto"
"432",5107768,"Santa Rita do Trivelato (MT)",0,0,0,0,0,0,1068,"Muito Alto"
"433",5107941,"Tabaporã (MT)",0,0,0,0,0,0,1040,"Muito Alto"
"434",1502939,"Dom Eliseu (PA)",0,0,0,0,0,0,901,"Muito Alto"
"435",5107354,"São José do Xingu (MT)",0,0,0,0,0,0,856,"Muito Alto"
"436",5103858,"Gaúcha do Norte (MT)",0,0,0,0,0,0,836,"Muito Alto"
"437",5101852,"Bom Jesus do Araguaia (MT)",0,0,0,0,0,0,810,"Muito Alto"
"438",2105427,"Itinga do Maranhão (MA)",0,0,0,0,0,0,740,"Muito Alto"
"439",5103601,"Dom Aquino (MT)",0,0,0,0,0,0,720,"Muito Alto"
"440",1507003,"Santo Antônio do Tauá (PA)",0,0,0,0,0,0,695,"Muito Alto"
"441",1500347,"Água Azul do Norte (PA)",0,0,0,0,0,0,690,"Muito Alto"
"442",1100072,"Corumbiara (RO)",0,0,0,0,0,0,685,"Muito Alto"
"443",5105622,"Mirassol d'Oeste (MT)",0,0,0,0,0,0,647,"Muito Alto"
"444",1507755,"Sapucaia (PA)",0,0,0,0,0,0,625,"Muito Alto"
"445",1508126,"Ulianópolis (PA)",0,0,0,0,0,0,621,"Muito Alto"
"446",5103700,"Feliz Natal (MT)",0,0,0,0,0,0,615,"Muito Alto"
"447",2106102,"Loreto (MA)",0,0,0,0,0,0,594,"Muito Alto"
"448",5108956,"Nova Monte Verde (MT)",0,0,0,0,0,0,549,"Muito Alto"
"449",1501451,"Belterra (PA)",0,0,0,0,0,0,545,"Muito Alto"
"450",1503200,"Igarapé-Açu (PA)",0,0,0,0,0,0,532,"Muito Alto"
"451",1200450,"Senador Guiomard (AC)",0,0,0,0,0,0,525,"Muito Alto"
"452",1505635,"Piçarra (PA)",0,0,0,0,0,0,521,"Muito Alto"
"453",5105580,"Marcelândia (MT)",0,0,0,0,0,0,521,"Muito Alto"
"454",5107107,"São José dos Quatro Marcos (MT)",0,0,0,0,0,0,511,"Muito Alto"
"455",5103056,"Cláudia (MT)",0,0,0,0,0,0,494,"Muito Alto"
"456",2111607,"São Raimundo das Mangabeiras (MA)",0,0,0,0,0,0,491,"Muito Alto"
"457",5107248,"Santa Carmem (MT)",0,0,0,0,0,0,479,"Muito Alto"
"458",5104559,"Itaúba (MT)",0,0,0,0,0,0,461,"Muito Alto"
"459",2112852,"Vila Nova dos Martírios (MA)",0,0,0,0,0,0,459,"Muito Alto"
"460",5103908,"General Carneiro (MT)",0,0,0,0,0,0,435,"Muito Alto"
"461",5106778,"Porto Alegre do Norte (MT)",0,0,0,0,0,0,423,"Muito Alto"
"462",2100501,"Alto Parnaíba (MA)",0,0,0,0,0,0,404,"Muito Alto"
"463",5102850,"Castanheira (MT)",0,0,0,0,0,0,393,"Muito Alto"
"464",5108303,"União do Sul (MT)",0,0,0,0,0,0,390,"Muito Alto"
"465",1706506,"Darcinópolis (TO)",0,0,0,0,0,0,381,"Muito Alto"
"466",2109502,"Riachão (MA)",0,0,0,0,0,0,377,"Muito Alto"
"467",1503705,"Itupiranga (PA)",0,0,0,0,0,0,375,"Muito Alto"
"468",1400159,"Bonfim (RR)",0,0,0,0,0,0,372,"Muito Alto"
"469",5101001,"Araguaiana (MT)",0,0,0,0,0,0,365,"Médio Alto"
"470",5107776,"Santa Terezinha (MT)",0,0,0,0,0,0,358,"Médio Alto"
"471",1501253,"Bannach (PA)",0,0,0,0,0,0,355,"Médio Alto"
"472",2102556,"Campestre do Maranhão (MA)",0,0,0,0,0,0,352,"Médio Alto"
"473",5108105,"Tesouro (MT)",0,0,0,0,0,0,352,"Médio Alto"
"474",1100288,"Rolim de Moura (RO)",0,0,0,0,0,0,347,"Médio Alto"
"475",1503093,"Goianésia do Pará (PA)",0,0,0,0,0,0,347,"Médio Alto"
"476",2109700,"Sambaíba (MA)",0,0,0,0,0,0,338,"Médio Alto"
"477",5102793,"Carlinda (MT)",0,0,0,0,0,0,334,"Médio Alto"
"478",5107578,"Rondolândia (MT)",0,0,0,0,0,0,330,"Médio Alto"
"479",5108204,"Torixoréu (MT)",0,0,0,0,0,0,317,"Médio Alto"
"480",2102036,"Bom Jesus das Selvas (MA)",0,0,0,0,0,0,312,"Médio Alto"
"481",1501576,"Bom Jesus do Tocantins (PA)",0,0,0,0,0,0,286,"Médio Alto"
"482",1100155,"Ouro Preto do Oeste (RO)",0,0,0,0,0,0,283,"Médio Alto"
"483",5107743,"Santa Cruz do Xingu (MT)",0,0,0,0,0,0,278,"Médio Alto"
"484",1200138,"Bujari (AC)",0,0,0,0,0,0,268,"Médio Alto"
"485",5106455,"Planalto da Serra (MT)",0,0,0,0,0,0,262,"Médio Alto"
"486",1200500,"Sena Madureira (AC)",0,0,0,0,0,0,245,"Médio Alto"
"487",5106208,"Nova Brasilândia (MT)",0,0,0,0,0,0,245,"Médio Alto"
"488",2108504,"Pindaré-Mirim (MA)",0,0,0,0,0,0,240,"Médio Alto"
"489",1505551,"Pau D'Arco (PA)",0,0,0,0,0,0,226,"Médio Alto"
"490",5106653,"Pontal do Araguaia (MT)",0,0,0,0,0,0,225,"Médio Alto"
"491",1703867,"Cariri do Tocantins (TO)",0,0,0,0,0,0,221,"Médio Alto"
"492",5100805,"Apiacás (MT)",0,0,0,0,0,0,216,"Médio Alto"
"493",1503044,"Floresta do Araguaia (PA)",0,0,0,0,0,0,215,"Médio Alto"
"494",1720978,"Talismã (TO)",0,0,0,0,0,0,212,"Médio Alto"
"495",1500958,"Aurora do Pará (PA)",0,0,0,0,0,0,211,"Médio Alto"
"496",1100056,"Cerejeiras (RO)",0,0,0,0,0,0,205,"Médio Alto"
"497",1101609,"Theobroma (RO)",0,0,0,0,0,0,203,"Médio Alto"
"498",5105176,"Juruena (MT)",0,0,0,0,0,0,203,"Médio Alto"
"499",1100320,"São Miguel do Guaporé (RO)",0,0,0,0,0,0,200,"Médio Alto"
"500",1505486,"Pacajá (PA)",0,0,0,0,0,0,200,"Médio Alto"
"501",1200807,"Porto Acre (AC)",0,0,0,0,0,0,190,"Médio Alto"
"502",1200708,"Xapuri (AC)",0,0,0,0,0,0,189,"Médio Alto"
"503",1711100,"Itaporã do Tocantins (TO)",0,0,0,0,0,0,189,"Médio Alto"
"504",2102002,"Bom Jardim (MA)",0,0,0,0,0,0,189,"Médio Alto"
"505",1720101,"São Bento do Tocantins (TO)",0,0,0,0,0,0,187,"Médio Alto"
"506",5107750,"Salto do Céu (MT)",0,0,0,0,0,0,182,"Médio Alto"
"507",1701309,"Aragominas (TO)",0,0,0,0,0,0,180,"Médio Alto"
"508",5107263,"Santo Afonso (MT)",0,0,0,0,0,0,180,"Médio Alto"
"509",1718899,"Santa Rita do Tocantins (TO)",0,0,0,0,0,0,177,"Médio Alto"
"510",1100940,"Cujubim (RO)",0,0,0,0,0,0,173,"Médio Alto"
"511",5100508,"Alto Paraguai (MT)",0,0,0,0,0,0,169,"Médio Alto"
"512",5103809,"Figueirópolis D'Oeste (MT)",0,0,0,0,0,0,165,"Médio Alto"
"513",2103257,"Cidelândia (MA)",0,0,0,0,0,0,161,"Médio Alto"
"514",1501758,"Brejo Grande do Araguaia (PA)",0,0,0,0,0,0,160,"Médio Alto"
"515",1100031,"Cabixi (RO)",0,0,0,0,0,0,158,"Médio Alto"
"516",1100700,"Campo Novo de Rondônia (RO)",0,0,0,0,0,0,157,"Médio Alto"
"517",1713957,"Muricilândia (TO)",0,0,0,0,0,0,151,"Médio Alto"
"518",1100908,"Castanheiras (RO)",0,0,0,0,0,0,144,"Médio Alto"
"519",1100403,"Alto Paraíso (RO)",0,0,0,0,0,0,142,"Médio Alto"
"520",1506005,"Prainha (PA)",0,0,0,0,0,0,134,"Médio Alto"
"521",5103379,"Cotriguaçu (MT)",0,0,0,0,0,0,134,"Médio Alto"
"522",1508357,"Vitória do Xingu (PA)",0,0,0,0,0,0,133,"Médio Alto"
"523",2102754,"Capinzal do Norte (MA)",0,0,0,0,0,0,132,"Médio Alto"
"524",5101605,"Barão de Melgaço (MT)",0,0,0,0,0,0,131,"Médio Alto"
"525",1200385,"Plácido de Castro (AC)",0,0,0,0,0,0,129,"Médio Alto"
"526",1507607,"São Miguel do Guamá (PA)",0,0,0,0,0,0,128,"Médio Alto"
"527",1503408,"Inhangapi (PA)",0,0,0,0,0,0,127,"Médio Alto"
"528",1200179,"Capixaba (AC)",0,0,0,0,0,0,125,"Médio Alto"
"529",1100338,"Nova Mamoré (RO)",0,0,0,0,0,0,123,"Médio Alto"
"530",1720200,"São Miguel do Tocantins (TO)",0,0,0,0,0,0,122,"Médio Baixo"
"531",2105500,"João Lisboa (MA)",0,0,0,0,0,0,122,"Médio Baixo"
"532",5104500,"Indiavaí (MT)",0,0,0,0,0,0,122,"Médio Baixo"
"533",1200609,"Tarauacá (AC)",0,0,0,0,0,0,119,"Médio Baixo"
"534",1507201,"São Domingos do Capim (PA)",0,0,0,0,0,0,119,"Médio Baixo"
"535",5100359,"Alto Boa Vista (MT)",0,0,0,0,0,0,116,"Médio Baixo"
"536",1100346,"Alvorada D'Oeste (RO)",0,0,0,0,0,0,112,"Médio Baixo"
"537",5102694,"Canabrava do Norte (MT)",0,0,0,0,0,0,111,"Médio Baixo"
"538",2110856,"São Francisco do Brejão (MA)",0,0,0,0,0,0,109,"Médio Baixo"
"539",1100601,"Cacaulândia (RO)",0,0,0,0,0,0,107,"Médio Baixo"
"540",1507979,"Terra Santa (PA)",0,0,0,0,0,0,104,"Médio Baixo"
"541",2100600,"Amarante do Maranhão (MA)",0,0,0,0,0,0,103,"Médio Baixo"
"542",1720853,"Sucupira (TO)",0,0,0,0,0,0,102,"Médio Baixo"
"543",1400050,"Alto Alegre (RR)",0,0,0,0,0,0,101,"Médio Baixo"
"544",2111763,"Senador La Rocque (MA)",0,0,0,0,0,0,101,"Médio Baixo"
"545",1600709,"Tartarugalzinho (AP)",0,0,0,0,0,0,100,"Médio Baixo"
"546",5107883,"Serra Nova Dourada (MT)",0,0,0,0,0,0,96,"Médio Baixo"
"547",1500131,"Abel Figueiredo (PA)",0,0,0,0,0,0,95,"Médio Baixo"
"548",1507904,"Soure (PA)",0,0,0,0,0,0,95,"Médio Baixo"
"549",2107407,"Olho d'Água das Cunhãs (MA)",0,0,0,0,0,0,95,"Médio Baixo"
"550",1101484,"São Felipe D'Oeste (RO)",0,0,0,0,0,0,94,"Médio Baixo"
"551",1200013,"Acrelândia (AC)",0,0,0,0,0,0,94,"Médio Baixo"
"552",5106273,"Novo Horizonte do Norte (MT)",0,0,0,0,0,0,91,"Médio Baixo"
"553",2110658,"São Domingos do Azeitão (MA)",0,0,0,0,0,0,90,"Médio Baixo"
"554",1503507,"Irituia (PA)",0,0,0,0,0,0,89,"Médio Baixo"
"555",1505007,"Nova Timboteua (PA)",0,0,0,0,0,0,89,"Médio Baixo"
"556",1715101,"Novo Acordo (TO)",0,0,0,0,0,0,87,"Médio Baixo"
"557",2112308,"Tuntum (MA)",0,0,0,0,0,0,87,"Médio Baixo"
"558",1703602,"Brasilândia do Tocantins (TO)",0,0,0,0,0,0,85,"Médio Baixo"
"559",1700251,"Abreulândia (TO)",0,0,0,0,0,0,83,"Médio Baixo"
"560",1708254,"Fortaleza do Tabocão (TO)",0,0,0,0,0,0,83,"Médio Baixo"
"561",2112704,"Vargem Grande (MA)",0,0,0,0,0,0,83,"Médio Baixo"
"562",1703883,"Carmolândia (TO)",0,0,0,0,0,0,82,"Médio Baixo"
"563",1504455,"Medicilândia (PA)",0,0,0,0,0,0,81,"Médio Baixo"
"564",1101500,"Seringueiras (RO)",0,0,0,0,0,0,79,"Médio Baixo"
"565",1708304,"Goianorte (TO)",0,0,0,0,0,0,78,"Médio Baixo"
"566",5107297,"São José do Povo (MT)",0,0,0,0,0,0,78,"Médio Baixo"
"567",1504976,"Nova Ipixuna (PA)",0,0,0,0,0,0,76,"Médio Baixo"
"568",1716653,"Pequizeiro (TO)",0,0,0,0,0,0,76,"Médio Baixo"
"569",1701051,"Angico (TO)",0,0,0,0,0,0,75,"Médio Baixo"
"570",1710904,"Itapiratins (TO)",0,0,0,0,0,0,75,"Médio Baixo"
"571",1400175,"Cantá (RR)",0,0,0,0,0,0,72,"Médio Baixo"
"572",1101476,"Primavera de Rondônia (RO)",0,0,0,0,0,0,70,"Médio Baixo"
"573",1504950,"Nova Esperança do Piriá (PA)",0,0,0,0,0,0,69,"Médio Baixo"
"574",1502905,"Curuçá (PA)",0,0,0,0,0,0,68,"Médio Baixo"
"575",2111409,"São Luís Gonzaga do Maranhão (MA)",0,0,0,0,0,0,68,"Médio Baixo"
"576",1507102,"São Caetano de Odivelas (PA)",0,0,0,0,0,0,67,"Médio Baixo"
"577",1703073,"Barra do Ouro (TO)",0,0,0,0,0,0,66,"Médio Baixo"
"578",1718659,"Rio da Conceição (TO)",0,0,0,0,0,0,64,"Médio Baixo"
"579",2100402,"Altamira do Maranhão (MA)",0,0,0,0,0,0,64,"Médio Baixo"
"580",1501204,"Baião (PA)",0,0,0,0,0,0,63,"Médio Baixo"
"581",1504307,"Maracanã (PA)",0,0,0,0,0,0,63,"Médio Baixo"
"582",2105153,"Igarapé do Meio (MA)",0,0,0,0,0,0,63,"Médio Baixo"
"583",1101807,"Vale do Paraíso (RO)",0,0,0,0,0,0,62,"Médio Baixo"
"584",1504752,"Mojuí dos Campos (PA)",0,0,0,0,0,0,60,"Médio Baixo"
"585",1506559,"Santa Luzia do Pará (PA)",0,0,0,0,0,0,59,"Médio Baixo"
"586",1508308,"Viseu (PA)",0,0,0,0,0,0,59,"Médio Baixo"
"587",2107308,"Nova Iorque (MA)",0,0,0,0,0,0,58,"Médio Baixo"
"588",2105989,"Lajeado Novo (MA)",0,0,0,0,0,0,57,"Médio Baixo"
"589",1704105,"Centenário (TO)",0,0,0,0,0,0,55,"Médio Baixo"
"590",1501907,"Bujaru (PA)",0,0,0,0,0,0,54,"Médio Baixo"
"591",1505601,"Peixe-Boi (PA)",0,0,0,0,0,0,54,"Médio Baixo"
"592",1703305,"Bom Jesus do Tocantins (TO)",0,0,0,0,0,0,51,"Médio Baixo"
"593",1713809,"Palmeiras do Tocantins (TO)",0,0,0,0,0,0,51,"Médio Baixo"
"594",1703826,"Cachoeirinha (TO)",0,0,0,0,0,0,50,"Médio Baixo"
"595",2111904,"Sucupira do Norte (MA)",0,0,0,0,0,0,50,"Médio Baixo"
"596",1101005,"Governador Jorge Teixeira (RO)",0,0,0,0,0,0,49,"Médio Baixo"
"597",2102358,"Buritirana (MA)",0,0,0,0,0,0,49,"Médio Baixo"
"598",2111052,"São João do Paraíso (MA)",0,0,0,0,0,0,49,"Médio Baixo"
"599",1706258,"Crixás do Tocantins (TO)",0,0,0,0,0,0,47,"Médio Baixo"
"600",2100956,"Arame (MA)",0,0,0,0,0,0,46,"Médio Baixo"
"601",1501600,"Bonito (PA)",0,0,0,0,0,0,45,"Médio Baixo"
"602",1200302,"Feijó (AC)",0,0,0,0,0,0,44,"Médio Baixo"
"603",1600105,"Amapá (AP)",0,0,0,0,0,0,43,"Médio Baixo"
"604",1400407,"Normandia (RR)",0,0,0,0,0,0,42,"Médio Baixo"
"605",2103752,"Davinópolis (MA)",0,0,0,0,0,0,42,"Médio Baixo"
"606",2107357,"Nova Olinda do Maranhão (MA)",0,0,0,0,0,0,42,"Médio Baixo"
"607",5107404,"São Pedro da Cipa (MT)",0,0,0,0,0,0,42,"Médio Baixo"
"608",1101757,"Vale do Anari (RO)",0,0,0,0,0,0,41,"Médio Baixo"
"609",1503077,"Garrafão do Norte (PA)",0,0,0,0,0,0,41,"Médio Baixo"
"610",1101203,"Ministro Andreazza (RO)",0,0,0,0,0,0,40,"Médio Baixo"
"611",1505700,"Ponta de Pedras (PA)",0,0,0,0,0,0,40,"Médio Baixo"
"612",1718006,"Porto Alegre do Tocantins (TO)",0,0,0,0,0,0,40,"Médio Baixo"
"613",5105309,"Luciara (MT)",0,0,0,0,0,0,40,"Médio Baixo"
"614",1101708,"Urupá (RO)",0,0,0,0,0,0,39,"Médio Baixo"
"615",1718709,"Rio dos Bois (TO)",0,0,0,0,0,0,39,"Médio Baixo"
"616",1502004,"Cachoeira do Arari (PA)",0,0,0,0,0,0,38,"Médio Baixo"
"617",1714302,"Nazaré (TO)",0,0,0,0,0,0,36,"Médio Baixo"
"618",2106508,"Matinha (MA)",0,0,0,0,0,0,36,"Médio Baixo"
"619",1712801,"Maurilândia do Tocantins (TO)",0,0,0,0,0,0,35,"Médio Baixo"
"620",2106904,"Monção (MA)",0,0,0,0,0,0,35,"Médio Baixo"
"621",1504406,"Marapanim (PA)",0,0,0,0,0,0,33,"Baixo"
"622",2102309,"Buriti Bravo (MA)",0,0,0,0,0,0,33,"Baixo"
"623",2109452,"Raposa (MA)",0,0,0,0,0,0,33,"Baixo"
"624",2104651,"Governador Newton Bello (MA)",0,0,0,0,0,0,32,"Baixo"
"625",2107001,"Montes Altos (MA)",0,0,0,0,0,0,32,"Baixo"
"626",2107258,"Nova Colinas (MA)",0,0,0,0,0,0,32,"Baixo"
"627",5101209,"Araguainha (MT)",0,0,0,0,0,0,32,"Baixo"
"628",1720259,"São Salvador do Tocantins (TO)",0,0,0,0,0,0,31,"Baixo"
"629",2102077,"Bom Lugar (MA)",0,0,0,0,0,0,31,"Baixo"
"630",2104503,"Governador Archer (MA)",0,0,0,0,0,0,31,"Baixo"
"631",1704600,"Chapada de Areia (TO)",0,0,0,0,0,0,30,"Baixo"
"632",1718550,"Riachinho (TO)",0,0,0,0,0,0,30,"Baixo"
"633",5106703,"Ponte Branca (MT)",0,0,0,0,0,0,30,"Baixo"
"634",2106706,"Mirador (MA)",0,0,0,0,0,0,29,"Baixo"
"635",1400233,"Caroebe (RR)",0,0,0,0,0,0,28,"Baixo"
"636",2105906,"Lago Verde (MA)",0,0,0,0,0,0,28,"Baixo"
"637",1504901,"Muaná (PA)",0,0,0,0,0,0,26,"Baixo"
"638",1600212,"Cutias (AP)",0,0,0,0,0,0,26,"Baixo"
"639",2111532,"São Pedro da Água Branca (MA)",0,0,0,0,0,0,26,"Baixo"
"640",1505908,"Porto de Moz (PA)",0,0,0,0,0,0,25,"Baixo"
"641",1400282,"Iracema (RR)",0,0,0,0,0,0,24,"Baixo"
"642",1720002,"Santa Terezinha do Tocantins (TO)",0,0,0,0,0,0,24,"Baixo"
"643",2112456,"Turilândia (MA)",0,0,0,0,0,0,24,"Baixo"
"644",1717800,"Ponte Alta do Bom Jesus (TO)",0,0,0,0,0,0,23,"Baixo"
"645",1720937,"Taipas do Tocantins (TO)",0,0,0,0,0,0,23,"Baixo"
"646",1711951,"Lagoa do Tocantins (TO)",0,0,0,0,0,0,22,"Baixo"
"647",1508050,"Trairão (PA)",0,0,0,0,0,0,21,"Baixo"
"648",2103554,"Conceição do Lago-Açu (MA)",0,0,0,0,0,0,21,"Baixo"
"649",1101435,"Nova União (RO)",0,0,0,0,0,0,20,"Baixo"
"650",1200336,"Mâncio Lima (AC)",0,0,0,0,0,0,19,"Baixo"
"651",5106315,"Novo Santo Antônio (MT)",0,0,0,0,0,0,19,"Baixo"
"652",1711803,"Juarina (TO)",0,0,0,0,0,0,18,"Baixo"
"653",1721307,"Tupiratins (TO)",0,0,0,0,0,0,17,"Baixo"
"654",1400456,"Pacaraima (RR)",0,0,0,0,0,0,16,"Baixo"
"655",1500909,"Augusto Corrêa (PA)",0,0,0,0,0,0,16,"Baixo"
"656",1702703,"Aurora do Tocantins (TO)",0,0,0,0,0,0,16,"Baixo"
"657",2101103,"Axixá (MA)",0,0,0,0,0,0,16,"Baixo"
"658",2106631,"Matões do Norte (MA)",0,0,0,0,0,0,16,"Baixo"
"659",1507474,"São João de Pirabas (PA)",0,0,0,0,0,0,15,"Baixo"
"660",1703891,"Carrasco Bonito (TO)",0,0,0,0,0,0,15,"Baixo"
"661",1505650,"Placas (PA)",0,0,0,0,0,0,14,"Baixo"
"662",2105807,"Lago do Junco (MA)",0,0,0,0,0,0,14,"Baixo"
"663",1400605,"São Luiz (RR)",0,0,0,0,0,0,13,"Baixo"
"664",1101559,"Teixeirópolis (RO)",0,0,0,0,0,0,12,"Baixo"
"665",1715150,"Novo Alegre (TO)",0,0,0,0,0,0,12,"Baixo"
"666",2104099,"Formosa da Serra Negra (MA)",0,0,0,0,0,0,12,"Baixo"
"667",1600253,"Itaubal (AP)",0,0,0,0,0,0,11,"Baixo"
"668",1720309,"São Sebastião do Tocantins (TO)",0,0,0,0,0,0,11,"Baixo"
"669",1503309,"Igarapé-Miri (PA)",0,0,0,0,0,0,10,"Baixo"
"670",2110039,"Santa Luzia do Paruá (MA)",0,0,0,0,0,0,10,"Baixo"
"671",2111078,"São João do Soter (MA)",0,0,0,0,0,0,10,"Baixo"
"672",2112902,"Vitória do Mearim (MA)",0,0,0,0,0,0,10,"Baixo"
"673",1715507,"Oliveira de Fátima (TO)",0,0,0,0,0,0,9,"Baixo"
"674",2101806,"Benedito Leite (MA)",0,0,0,0,0,0,9,"Baixo"
"675",2104602,"Governador Eugênio Barros (MA)",0,0,0,0,0,0,9,"Baixo"
"676",2106003,"Lima Campos (MA)",0,0,0,0,0,0,9,"Baixo"
"677",2111029,"São João do Carú (MA)",0,0,0,0,0,0,9,"Baixo"
"678",2100477,"Alto Alegre do Pindaré (MA)",0,0,0,0,0,0,8,"Baixo"
"679",2104677,"Governador Nunes Freire (MA)",0,0,0,0,0,0,8,"Baixo"
"680",2105948,"Lago dos Rodrigues (MA)",0,0,0,0,0,0,8,"Baixo"
"681",2108900,"Poção de Pedras (MA)",0,0,0,0,0,0,8,"Baixo"
"682",1506906,"Santarém Novo (PA)",0,0,0,0,0,0,7,"Muito Baixo"
"683",1507466,"São João da Ponta (PA)",0,0,0,0,0,0,7,"Muito Baixo"
"684",1712157,"Lavandeira (TO)",0,0,0,0,0,0,7,"Muito Baixo"
"685",2100436,"Alto Alegre do Maranhão (MA)",0,0,0,0,0,0,7,"Muito Baixo"
"686",2108306,"Penalva (MA)",0,0,0,0,0,0,7,"Muito Baixo"
"687",2108405,"Peri Mirim (MA)",0,0,0,0,0,0,7,"Muito Baixo"
"688",2111250,"São José dos Basílios (MA)",0,0,0,0,0,0,7,"Muito Baixo"
"689",1200344,"Manoel Urbano (AC)",0,0,0,0,0,0,6,"Muito Baixo"
"690",2108108,"Paulo Ramos (MA)",0,0,0,0,0,0,6,"Muito Baixo"
"691",2108256,"Pedro do Rosário (MA)",0,0,0,0,0,0,5,"Muito Baixo"
"692",2111573,"São Pedro dos Crentes (MA)",0,0,0,0,0,0,5,"Muito Baixo"
"693",2112274,"Tufilândia (MA)",0,0,0,0,0,0,5,"Muito Baixo"
"694",1200054,"Assis Brasil (AC)",0,0,0,0,0,0,4,"Muito Baixo"
"695",1504109,"Magalhães Barata (PA)",0,0,0,0,0,0,4,"Muito Baixo"
"696",2104628,"Governador Luiz Rocha (MA)",0,0,0,0,0,0,4,"Muito Baixo"
"697",2105351,"Itaipava do Grajaú (MA)",0,0,0,0,0,0,4,"Muito Baixo"
"698",2109759,"Santa Filomena do Maranhão (MA)",0,0,0,0,0,0,4,"Muito Baixo"
"699",2110807,"São Félix de Balsas (MA)",0,0,0,0,0,0,4,"Muito Baixo"
"700",2111722,"Satubinha (MA)",0,0,0,0,0,0,4,"Muito Baixo"
"701",2112407,"Turiaçu (MA)",0,0,0,0,0,0,4,"Muito Baixo"
"702",1504422,"Marituba (PA)",0,0,0,0,0,0,3,"Muito Baixo"
"703",1506104,"Primavera (PA)",0,0,0,0,0,0,3,"Muito Baixo"
"704",2100709,"Anajatuba (MA)",0,0,0,0,0,0,3,"Muito Baixo"
"705",2101905,"Bequimão (MA)",0,0,0,0,0,0,3,"Muito Baixo"
"706",2102408,"Cajapió (MA)",0,0,0,0,0,0,3,"Muito Baixo"
"707",2104073,"Feira Nova do Maranhão (MA)",0,0,0,0,0,0,3,"Muito Baixo"
"708",2108702,"Pio XII (MA)",0,0,0,0,0,0,3,"Muito Baixo"
"709",2111748,"Senador Alexandre Costa (MA)",0,0,0,0,0,0,3,"Muito Baixo"
"710",1200427,"Rodrigues Alves (AC)",0,0,0,0,0,0,2,"Muito Baixo"
"711",2100550,"Amapá do Maranhão (MA)",0,0,0,0,0,0,2,"Muito Baixo"
"712",2101939,"Bernardo do Mearim (MA)",0,0,0,0,0,0,2,"Muito Baixo"
"713",2103158,"Centro do Guilherme (MA)",0,0,0,0,0,0,2,"Muito Baixo"
"714",2104206,"Fortuna (MA)",0,0,0,0,0,0,2,"Muito Baixo"
"715",2106359,"Marajá do Sena (MA)",0,0,0,0,0,0,2,"Muito Baixo"
"716",2109239,"Presidente Médici (MA)",0,0,0,0,0,0,2,"Muito Baixo"
"717",1200351,"Marechal Thaumaturgo (AC)",0,0,0,0,0,0,1,"Muito Baixo"
"718",1502608,"Colares (PA)",0,0,0,0,0,0,1,"Muito Baixo"
"719",2100873,"Araguanã (MA)",0,0,0,0,0,0,1,"Muito Baixo"
"720",2103125,"Central do Maranhão (MA)",0,0,0,0,0,0,1,"Muito Baixo"
"721",2104008,"Esperantinópolis (MA)",0,0,0,0,0,0,1,"Muito Baixo"
"722",2105450,"Jatobá (MA)",0,0,0,0,0,0,1,"Muito Baixo"
"723",2107605,"Palmeirândia (MA)",0,0,0,0,0,0,1,"Muito Baixo"
"724",2109304,"Presidente Vargas (MA)",0,0,0,0,0,0,1,"Muito Baixo"
"725",1200328,"Jordão (AC)",0,0,0,0,0,0,0,0
"726",1200393,"Porto Walter (AC)",0,0,0,0,0,0,0,0
"727",1200435,"Santa Rosa do Purus (AC)",0,0,0,0,0,0,0,0
"728",1400704,"Uiramutã (RR)",0,0,0,0,0,0,0,0
"729",1500305,"Afuá (PA)",0,0,0,0,0,0,0,0
"730",1501105,"Bagre (PA)",0,0,0,0,0,0,0,0
"731",1502806,"Curralinho (PA)",0,0,0,0,0,0,0,0
"732",1502855,"Curuá (PA)",0,0,0,0,0,0,0,0
"733",1503002,"Faro (PA)",0,0,0,0,0,0,0,0
"734",1503101,"Gurupá (PA)",0,0,0,0,0,0,0,0
"735",1504000,"Limoeiro do Ajuru (PA)",0,0,0,0,0,0,0,0
"736",1504505,"Melgaço (PA)",0,0,0,0,0,0,0,0
"737",1505205,"Oeiras do Pará (PA)",0,0,0,0,0,0,0,0
"738",1506112,"Quatipuru (PA)",0,0,0,0,0,0,0,0
"739",1507706,"São Sebastião da Boa Vista (PA)",0,0,0,0,0,0,0,0
"740",1600550,"Pracuúba (AP)",0,0,0,0,0,0,0,0
"741",2100204,"Alcântara (MA)",0,0,0,0,0,0,0,0
"742",2100832,"Apicum-Açu (MA)",0,0,0,0,0,0,0,0
"743",2101301,"Bacuri (MA)",0,0,0,0,0,0,0,0
"744",2101350,"Bacurituba (MA)",0,0,0,0,0,0,0,0
"745",2101970,"Boa Vista do Gurupi (MA)",0,0,0,0,0,0,0,0
"746",2102150,"Brejo de Areia (MA)",0,0,0,0,0,0,0,0
"747",2102374,"Cachoeira Grande (MA)",0,0,0,0,0,0,0,0
"748",2102507,"Cajari (MA)",0,0,0,0,0,0,0,0
"749",2103109,"Cedral (MA)",0,0,0,0,0,0,0,0
"750",2103703,"Cururupu (MA)",0,0,0,0,0,0,0,0
"751",2104081,"Fernando Falcão (MA)",0,0,0,0,0,0,0,0
"752",2104701,"Graça Aranha (MA)",0,0,0,0,0,0,0,0
"753",2104909,"Guimarães (MA)",0,0,0,0,0,0,0,0
"754",2105104,"Icatu (MA)",0,0,0,0,0,0,0,0
"755",2105476,"Jenipapo dos Vieiras (MA)",0,0,0,0,0,0,0,0
"756",2105609,"Joselândia (MA)",0,0,0,0,0,0,0,0
"757",2105658,"Junco do Maranhão (MA)",0,0,0,0,0,0,0,0
"758",2105963,"Lagoa Grande do Maranhão (MA)",0,0,0,0,0,0,0,0
"759",2106201,"Luís Domingues (MA)",0,0,0,0,0,0,0,0
"760",2106375,"Maranhãozinho (MA)",0,0,0,0,0,0,0,0
"761",2107100,"Morros (MA)",0,0,0,0,0,0,0,0
"762",2107456,"Olinda Nova do Maranhão (MA)",0,0,0,0,0,0,0,0
"763",2108801,"Pirapemas (MA)",0,0,0,0,0,0,0,0
"764",2109056,"Porto Rico do Maranhão (MA)",0,0,0,0,0,0,0,0
"765",2109205,"Presidente Juscelino (MA)",0,0,0,0,0,0,0,0
"766",2109270,"Presidente Sarney (MA)",0,0,0,0,0,0,0,0
"767",2109809,"Santa Helena (MA)",0,0,0,0,0,0,0,0
"768",2110500,"São Bento (MA)",0,0,0,0,0,0,0,0
"769",2111003,"São João Batista (MA)",0,0,0,0,0,0,0,0
"770",2111631,"São Raimundo do Doca Bezerra (MA)",0,0,0,0,0,0,0,0
"771",2111672,"São Roberto (MA)",0,0,0,0,0,0,0,0
"772",2111706,"São Vicente Ferrer (MA)",0,0,0,0,0,0,0,0
"773",2111789,"Serrano do Maranhão (MA)",0,0,0,0,0,0,0,0
