"","cod_muni","muni","pessoal_ocupado_agro","pessoal_ocupado_agro_familiar","perc_familiar_sobre_agro","class_familiar_sobre_agro"
"1",1502103,"Cametá (PA)",48246,42872,0.89,"Alto"
"2",1500107,"Abaetetuba (PA)",32227,29379,0.91,"Muito Alto"
"3",1506807,"Santarém (PA)",25288,21331,0.84,"Médio Alto"
"4",1504703,"Moju (PA)",23091,18370,0.8,"Médio Alto"
"5",1500206,"Acará (PA)",19330,17831,0.92,"Muito Alto"
"6",1500404,"Alenquer (PA)",24238,17301,0.71,"Médio Baixo"
"7",1507300,"São Félix do Xingu (PA)",22521,17171,0.76,"Médio Baixo"
"8",1501808,"Breves (PA)",16659,15303,0.92,"Muito Alto"
"9",1505486,"Pacajá (PA)",17282,14533,0.84,"Médio Alto"
"10",1303809,"São Gabriel da Cachoeira (AM)",14476,14400,0.99,"Muito Alto"
"11",1505064,"Novo Repartimento (PA)",15524,13947,0.9,"Alto"
"12",1504208,"Marabá (PA)",16460,13625,0.83,"Médio Alto"
"13",1100205,"Porto Velho (RO)",16985,13482,0.79,"Médio Alto"
"14",1508308,"Viseu (PA)",16240,13285,0.82,"Médio Alto"
"15",1501709,"Bragança (PA)",17408,13072,0.75,"Médio Baixo"
"16",1500909,"Augusto Corrêa (PA)",14588,12806,0.88,"Alto"
"17",1504000,"Limoeiro do Ajuru (PA)",14121,12029,0.85,"Alto"
"18",1500305,"Afuá (PA)",12128,11786,0.97,"Muito Alto"
"19",1505205,"Oeiras do Pará (PA)",12222,11640,0.95,"Muito Alto"
"20",1503309,"Igarapé-Miri (PA)",14786,11205,0.76,"Médio Baixo"
"21",1500602,"Altamira (PA)",13962,10882,0.78,"Médio Alto"
"22",1503705,"Itupiranga (PA)",13382,10838,0.81,"Médio Alto"
"23",1200302,"Feijó (AC)",12276,10649,0.87,"Alto"
"24",1504802,"Monte Alegre (PA)",13415,10540,0.79,"Médio Alto"
"25",1100130,"Machadinho D'Oeste (RO)",11820,10518,0.89,"Alto"
"26",2103307,"Codó (MA)",12288,10447,0.85,"Alto"
"27",1200401,"Rio Branco (AC)",14004,10442,0.75,"Médio Baixo"
"28",1502806,"Curralinho (PA)",11865,10424,0.88,"Alto"
"29",1505304,"Oriximiná (PA)",10496,9990,0.95,"Muito Alto"
"30",1505106,"Óbidos (PA)",11811,9903,0.84,"Médio Alto"
"31",1303403,"Parintins (AM)",11422,9474,0.83,"Médio Alto"
"32",1508159,"Uruará (PA)",11284,9183,0.81,"Médio Alto"
"33",5103254,"Colniza (MT)",11096,9103,0.82,"Médio Alto"
"34",1507201,"São Domingos do Capim (PA)",9760,9059,0.93,"Muito Alto"
"35",1200203,"Cruzeiro do Sul (AC)",9421,8703,0.92,"Muito Alto"
"36",1501303,"Barcarena (PA)",9453,8663,0.92,"Muito Alto"
"37",2104800,"Grajaú (MA)",12919,8654,0.67,"Baixo"
"38",1502707,"Conceição do Araguaia (PA)",10171,8620,0.85,"Alto"
"39",1200609,"Tarauacá (AC)",10120,8502,0.84,"Médio Alto"
"40",1302405,"Lábrea (AM)",9397,8501,0.9,"Alto"
"41",1508035,"Tracuateua (PA)",10804,8480,0.78,"Médio Alto"
"42",1304062,"Tabatinga (AM)",8779,8470,0.96,"Muito Alto"
"43",1300300,"Autazes (AM)",10047,8469,0.84,"Médio Alto"
"44",1302702,"Manicoré (AM)",10836,8445,0.78,"Médio Alto"
"45",2103000,"Caxias (MA)",10410,8401,0.81,"Médio Alto"
"46",1504455,"Medicilândia (PA)",13078,8361,0.64,"Baixo"
"47",1301209,"Coari (AM)",8782,8310,0.95,"Muito Alto"
"48",1100049,"Cacoal (RO)",9410,8198,0.87,"Alto"
"49",1200500,"Sena Madureira (AC)",10404,8165,0.78,"Médio Alto"
"50",1501204,"Baião (PA)",12258,8040,0.66,"Baixo"
"51",1300706,"Boca do Acre (AM)",9425,8008,0.85,"Alto"
"52",1504901,"Muaná (PA)",9645,7823,0.81,"Médio Alto"
"53",1508001,"Tomé-Açu (PA)",10046,7780,0.77,"Médio Alto"
"54",1301902,"Itacoatiara (AM)",10505,7769,0.74,"Médio Baixo"
"55",1100452,"Buritis (RO)",9261,7733,0.84,"Médio Alto"
"56",1502954,"Eldorado do Carajás (PA)",8758,7694,0.88,"Alto"
"57",1505700,"Ponta de Pedras (PA)",8393,7664,0.91,"Muito Alto"
"58",1505809,"Portel (PA)",7636,7560,0.99,"Muito Alto"
"59",1501782,"Breu Branco (PA)",9098,7435,0.82,"Médio Alto"
"60",1400704,"Uiramutã (RR)",7468,7415,0.99,"Muito Alto"
"61",2108256,"Pedro do Rosário (MA)",8638,7263,0.84,"Médio Alto"
"62",1300805,"Borba (AM)",8701,7087,0.81,"Médio Alto"
"63",1501907,"Bujaru (PA)",7389,7083,0.96,"Muito Alto"
"64",1100114,"Jaru (RO)",8390,7066,0.84,"Médio Alto"
"65",1302504,"Manacapuru (AM)",8384,7054,0.84,"Médio Alto"
"66",1506583,"Santa Maria das Barreiras (PA)",9630,6905,0.72,"Médio Baixo"
"67",2103604,"Coroatá (MA)",7846,6808,0.87,"Alto"
"68",1502301,"Capitão Poço (PA)",8399,6670,0.79,"Médio Alto"
"69",5102504,"Cáceres (MT)",9270,6621,0.71,"Médio Baixo"
"70",1302900,"Maués (AM)",8447,6593,0.78,"Médio Alto"
"71",1300508,"Barreirinha (AM)",7314,6577,0.9,"Alto"
"72",2112803,"Viana (MA)",7799,6568,0.84,"Médio Alto"
"73",1100015,"Alta Floresta D'Oeste (RO)",8550,6560,0.77,"Médio Alto"
"74",1400175,"Cantá (RR)",8115,6556,0.81,"Médio Alto"
"75",1506195,"Rurópolis (PA)",7436,6479,0.87,"Alto"
"76",2111003,"São João Batista (MA)",7233,6424,0.89,"Alto"
"77",2104099,"Formosa da Serra Negra (MA)",7258,6403,0.88,"Alto"
"78",1500859,"Anapu (PA)",7807,6161,0.79,"Médio Alto"
"79",1400050,"Alto Alegre (RR)",6818,6160,0.9,"Alto"
"80",1301100,"Careiro (AM)",8397,6151,0.73,"Médio Baixo"
"81",1100148,"Nova Brasilândia D'Oeste (RO)",7851,6141,0.78,"Médio Alto"
"82",1507805,"Senador José Porfírio (PA)",6509,6131,0.94,"Muito Alto"
"83",1100403,"Alto Paraíso (RO)",6989,6102,0.87,"Alto"
"84",1507607,"São Miguel do Guamá (PA)",7019,6073,0.87,"Alto"
"85",1100023,"Ariquemes (RO)",7082,6054,0.85,"Alto"
"86",1503507,"Irituia (PA)",7984,6043,0.76,"Médio Baixo"
"87",1503903,"Juruti (PA)",6664,6027,0.9,"Alto"
"88",1100122,"Ji-Paraná (RO)",7803,5978,0.77,"Médio Alto"
"89",1200104,"Brasiléia (AC)",8000,5975,0.75,"Médio Baixo"
"90",1100254,"Presidente Médici (RO)",6621,5953,0.9,"Alto"
"91",1500958,"Aurora do Pará (PA)",6430,5946,0.92,"Muito Alto"
"92",2101608,"Barra do Corda (MA)",8243,5922,0.72,"Médio Baixo"
"93",1503457,"Ipixuna do Pará (PA)",6872,5911,0.86,"Alto"
"94",1303908,"São Paulo de Olivença (AM)",6026,5832,0.97,"Muito Alto"
"95",1304203,"Tefé (AM)",11749,5749,0.49,"Muito Baixo"
"96",1400027,"Amajari (RR)",6745,5714,0.85,"Alto"
"97",1505650,"Placas (PA)",6412,5668,0.88,"Alto"
"98",1100320,"São Miguel do Guaporé (RO)",6938,5585,0.8,"Médio Alto"
"99",5105150,"Juína (MT)",6617,5565,0.84,"Médio Alto"
"100",2105401,"Itapecuru Mirim (MA)",6874,5529,0.8,"Médio Alto"
"101",1400472,"Rorainópolis (RR)",6454,5521,0.86,"Alto"
"102",1600303,"Macapá (AP)",6810,5511,0.81,"Médio Alto"
"103",2111805,"Sítio Novo (MA)",6918,5504,0.8,"Médio Alto"
"104",1702208,"Araguatins (TO)",6199,5495,0.89,"Alto"
"105",2108603,"Pinheiro (MA)",8255,5494,0.67,"Baixo"
"106",1501725,"Brasil Novo (PA)",7573,5475,0.72,"Médio Baixo"
"107",1507706,"São Sebastião da Boa Vista (PA)",6956,5444,0.78,"Médio Alto"
"108",1504307,"Maracanã (PA)",6155,5422,0.88,"Alto"
"109",5107800,"Santo Antônio do Leverger (MT)",7656,5391,0.7,"Médio Baixo"
"110",2100600,"Amarante do Maranhão (MA)",6895,5372,0.78,"Médio Alto"
"111",2112407,"Turiaçu (MA)",5490,5349,0.97,"Muito Alto"
"112",1100338,"Nova Mamoré (RO)",6366,5337,0.84,"Médio Alto"
"113",5103353,"Confresa (MT)",6516,5307,0.81,"Médio Alto"
"114",2108306,"Penalva (MA)",6205,5265,0.85,"Alto"
"115",1302603,"Manaus (AM)",7949,5251,0.66,"Baixo"
"116",1502509,"Chaves (PA)",5994,5245,0.88,"Alto"
"117",5106422,"Peixoto de Azevedo (MT)",6364,5234,0.82,"Médio Alto"
"118",5106505,"Poconé (MT)",7147,5216,0.73,"Médio Baixo"
"119",1303007,"Nhamundá (AM)",7388,5148,0.7,"Médio Baixo"
"120",1503101,"Gurupá (PA)",5283,5140,0.97,"Muito Alto"
"121",1303106,"Nova Olinda do Norte (AM)",6396,5130,0.8,"Médio Alto"
"122",1301159,"Careiro da Várzea (AM)",5976,5108,0.85,"Alto"
"123",1504604,"Mocajuba (PA)",6351,5075,0.8,"Médio Alto"
"124",1300201,"Atalaia do Norte (AM)",5080,5062,1,"Muito Alto"
"125",1505908,"Porto de Moz (PA)",5703,5053,0.89,"Alto"
"126",1303502,"Pauini (AM)",5281,5047,0.96,"Muito Alto"
"127",1100700,"Campo Novo de Rondônia (RO)",5857,5046,0.86,"Alto"
"128",5107602,"Rondonópolis (MT)",7333,5018,0.68,"Médio Baixo"
"129",2111706,"São Vicente Ferrer (MA)",8180,4964,0.61,"Baixo"
"130",1303536,"Presidente Figueiredo (AM)",7692,4963,0.65,"Baixo"
"131",1508084,"Tucumã (PA)",6836,4961,0.73,"Médio Baixo"
"132",2110005,"Santa Luzia (MA)",6753,4955,0.73,"Médio Baixo"
"133",1503077,"Garrafão do Norte (PA)",5825,4954,0.85,"Alto"
"134",2112704,"Vargem Grande (MA)",5573,4927,0.88,"Alto"
"135",1100155,"Ouro Preto do Oeste (RO)",6038,4794,0.79,"Médio Alto"
"136",1100940,"Cujubim (RO)",5678,4732,0.83,"Médio Alto"
"137",5103379,"Cotriguaçu (MT)",6052,4717,0.78,"Médio Alto"
"138",1101492,"São Francisco do Guaporé (RO)",6136,4701,0.77,"Médio Alto"
"139",1101757,"Vale do Anari (RO)",5544,4650,0.84,"Médio Alto"
"140",1504950,"Nova Esperança do Piriá (PA)",5788,4608,0.8,"Médio Alto"
"141",1100346,"Alvorada D'Oeste (RO)",6026,4601,0.76,"Médio Baixo"
"142",1200351,"Marechal Thaumaturgo (AC)",4740,4556,0.96,"Muito Alto"
"143",2106508,"Matinha (MA)",5042,4538,0.9,"Alto"
"144",2100956,"Arame (MA)",5214,4515,0.87,"Alto"
"145",1504505,"Melgaço (PA)",7539,4514,0.6,"Baixo"
"146",1508100,"Tucuruí (PA)",4864,4477,0.92,"Muito Alto"
"147",2107605,"Palmeirândia (MA)",6735,4469,0.66,"Baixo"
"148",1200708,"Xapuri (AC)",5520,4467,0.81,"Médio Alto"
"149",1101609,"Theobroma (RO)",5219,4462,0.85,"Alto"
"150",1506708,"Santana do Araguaia (PA)",5859,4459,0.76,"Médio Baixo"
"151",1503200,"Igarapé-Açu (PA)",5880,4441,0.76,"Médio Baixo"
"152",1501006,"Aveiro (PA)",4739,4418,0.93,"Muito Alto"
"153",5101407,"Aripuanã (MT)",5518,4390,0.8,"Médio Alto"
"154",1100098,"Espigão D'Oeste (RO)",6715,4374,0.65,"Baixo"
"155",1505502,"Paragominas (PA)",8407,4366,0.52,"Muito Baixo"
"156",1500347,"Água Azul do Norte (PA)",6693,4360,0.65,"Baixo"
"157",2109270,"Presidente Sarney (MA)",5321,4350,0.82,"Médio Alto"
"158",1100379,"Alto Alegre dos Parecis (RO)",7445,4345,0.58,"Baixo"
"159",2106706,"Mirador (MA)",4528,4329,0.96,"Muito Alto"
"160",1301852,"Iranduba (AM)",5700,4309,0.76,"Médio Baixo"
"161",2101905,"Bequimão (MA)",4737,4266,0.9,"Alto"
"162",1503606,"Itaituba (PA)",5288,4239,0.8,"Médio Alto"
"163",1101005,"Governador Jorge Teixeira (RO)",4644,4226,0.91,"Muito Alto"
"164",2100709,"Anajatuba (MA)",4485,4196,0.94,"Muito Alto"
"165",1504976,"Nova Ipixuna (PA)",4442,4187,0.94,"Muito Alto"
"166",1100288,"Rolim de Moura (RO)",5634,4160,0.74,"Médio Baixo"
"167",5107008,"Poxoréu (MT)",6357,4154,0.65,"Baixo"
"168",1200427,"Rodrigues Alves (AC)",4865,4069,0.84,"Médio Alto"
"169",1101500,"Seringueiras (RO)",5166,4054,0.78,"Médio Alto"
"170",5104104,"Guarantã do Norte (MT)",4674,4016,0.86,"Alto"
"171",1507508,"São João do Araguaia (PA)",5113,3986,0.78,"Médio Alto"
"172",1302553,"Manaquiri (AM)",4784,3976,0.83,"Médio Alto"
"173",2109502,"Riachão (MA)",5720,3975,0.69,"Médio Baixo"
"174",1400407,"Normandia (RR)",4245,3970,0.94,"Muito Alto"
"175",5106299,"Paranaíta (MT)",4674,3940,0.84,"Médio Alto"
"176",1506005,"Prainha (PA)",4285,3939,0.92,"Muito Alto"
"177",1300680,"Boa Vista do Ramos (AM)",6098,3935,0.65,"Baixo"
"178",1303601,"Santa Isabel do Rio Negro (AM)",3962,3931,0.99,"Muito Alto"
"179",1300607,"Benjamin Constant (AM)",4007,3930,0.98,"Muito Alto"
"180",1304104,"Tapauá (AM)",4047,3920,0.97,"Muito Alto"
"181",1100064,"Colorado do Oeste (RO)",4891,3916,0.8,"Médio Alto"
"182",2109809,"Santa Helena (MA)",5059,3915,0.77,"Médio Alto"
"183",2110203,"Santa Rita (MA)",5681,3913,0.69,"Médio Baixo"
"184",1501956,"Cachoeira do Piriá (PA)",4552,3907,0.86,"Alto"
"185",2101202,"Bacabal (MA)",5372,3906,0.73,"Médio Baixo"
"186",2102507,"Cajari (MA)",5546,3898,0.7,"Médio Baixo"
"187",1101708,"Urupá (RO)",4229,3877,0.92,"Muito Alto"
"188",1200138,"Bujari (AC)",4679,3853,0.82,"Médio Alto"
"189",1718204,"Porto Nacional (TO)",5212,3848,0.74,"Médio Baixo"
"190",1200252,"Epitaciolândia (AC)",4525,3827,0.85,"Alto"
"191",1600402,"Mazagão (AP)",4406,3826,0.87,"Alto"
"192",1200807,"Porto Acre (AC)",4672,3815,0.82,"Médio Alto"
"193",1300029,"Alvarães (AM)",5153,3811,0.74,"Médio Baixo"
"194",2112308,"Tuntum (MA)",7076,3798,0.54,"Muito Baixo"
"195",1506187,"Rondon do Pará (PA)",5495,3785,0.69,"Médio Baixo"
"196",5105101,"Juara (MT)",5469,3784,0.69,"Médio Baixo"
"197",1200385,"Plácido de Castro (AC)",4728,3766,0.8,"Médio Alto"
"198",1500503,"Almeirim (PA)",4230,3765,0.89,"Alto"
"199",2100204,"Alcântara (MA)",4368,3747,0.86,"Alto"
"200",5106109,"Nossa Senhora do Livramento (MT)",4901,3739,0.76,"Médio Baixo"
"201",2105104,"Icatu (MA)",3989,3725,0.93,"Muito Alto"
"202",2107100,"Morros (MA)",4066,3722,0.92,"Muito Alto"
"203",1301407,"Eirunepé (AM)",4641,3719,0.8,"Médio Alto"
"204",1301001,"Carauari (AM)",4026,3716,0.92,"Muito Alto"
"205",1504752,"Mojuí dos Campos (PA)",4439,3709,0.84,"Médio Alto"
"206",1301605,"Fonte Boa (AM)",4683,3662,0.78,"Médio Alto"
"207",1505437,"Ourilândia do Norte (PA)",4817,3653,0.76,"Médio Baixo"
"208",5100250,"Alta Floresta (MT)",5291,3645,0.69,"Médio Baixo"
"209",5108600,"Vila Rica (MT)",5129,3640,0.71,"Médio Baixo"
"210",5107958,"Tangará da Serra (MT)",5962,3632,0.61,"Baixo"
"211",1100080,"Costa Marques (RO)",4425,3624,0.82,"Médio Alto"
"212",5106158,"Nova Bandeirantes (MT)",4296,3621,0.84,"Médio Alto"
"213",1200013,"Acrelândia (AC)",4198,3613,0.86,"Alto"
"214",1302306,"Jutaí (AM)",4245,3598,0.85,"Alto"
"215",5107701,"Rosário Oeste (MT)",4583,3597,0.78,"Médio Alto"
"216",1100072,"Corumbiara (RO)",5921,3575,0.6,"Baixo"
"217",1400209,"Caracaraí (RR)",4081,3531,0.87,"Alto"
"218",1200450,"Senador Guiomard (AC)",4790,3527,0.74,"Médio Baixo"
"219",1400159,"Bonfim (RR)",4657,3512,0.75,"Médio Baixo"
"220",1508126,"Ulianópolis (PA)",4835,3509,0.73,"Médio Baixo"
"221",1200179,"Capixaba (AC)",3980,3489,0.88,"Alto"
"222",5103304,"Comodoro (MT)",4869,3488,0.72,"Médio Baixo"
"223",1300904,"Canutama (AM)",4168,3485,0.84,"Médio Alto"
"224",1503044,"Floresta do Araguaia (PA)",5084,3481,0.68,"Médio Baixo"
"225",1301308,"Codajás (AM)",3878,3473,0.9,"Alto"
"226",2111409,"São Luís Gonzaga do Maranhão (MA)",4111,3468,0.84,"Médio Alto"
"227",1101435,"Nova União (RO)",4569,3460,0.76,"Médio Baixo"
"228",5103205,"Colíder (MT)",4088,3452,0.84,"Médio Alto"
"229",2101400,"Balsas (MA)",5974,3442,0.58,"Baixo"
"230",1301803,"Ipixuna (AM)",4233,3435,0.81,"Médio Alto"
"231",5103403,"Cuiabá (MT)",4349,3427,0.79,"Médio Alto"
"232",5107107,"São José dos Quatro Marcos (MT)",3999,3420,0.86,"Alto"
"233",2100055,"Açailândia (MA)",6288,3410,0.54,"Muito Baixo"
"234",1400100,"Boa Vista (RR)",4350,3409,0.78,"Médio Alto"
"235",5103858,"Gaúcha do Norte (MT)",4591,3390,0.74,"Médio Baixo"
"236",1101401,"Monte Negro (RO)",3978,3387,0.85,"Alto"
"237",1501105,"Bagre (PA)",3439,3387,0.98,"Muito Alto"
"238",1503093,"Goianésia do Pará (PA)",4068,3385,0.83,"Médio Alto"
"239",1301506,"Envira (AM)",5885,3381,0.57,"Muito Baixo"
"240",2104107,"Fortaleza dos Nogueiras (MA)",4111,3376,0.82,"Médio Alto"
"241",5102603,"Campinápolis (MT)",4057,3367,0.83,"Médio Alto"
"242",1301654,"Guajará (AM)",4124,3361,0.81,"Médio Alto"
"243",5105507,"Vila Bela da Santíssima Trindade (MT)",5308,3352,0.63,"Baixo"
"244",5108055,"Terra Nova do Norte (MT)",4003,3336,0.83,"Médio Alto"
"245",1600501,"Oiapoque (AP)",3447,3335,0.97,"Muito Alto"
"246",2102325,"Buriticupu (MA)",5223,3333,0.64,"Baixo"
"247",1507458,"São Geraldo do Araguaia (PA)",4649,3314,0.71,"Médio Baixo"
"248",1303700,"Santo Antônio do Içá (AM)",3329,3284,0.99,"Muito Alto"
"249",2104057,"Estreito (MA)",4243,3275,0.77,"Médio Alto"
"250",2102804,"Carolina (MA)",4541,3274,0.72,"Médio Baixo"
"251",2110500,"São Bento (MA)",4750,3271,0.69,"Médio Baixo"
"252",2112100,"Timbiras (MA)",3810,3248,0.85,"Alto"
"253",1303304,"Novo Aripuanã (AM)",3557,3243,0.91,"Muito Alto"
"254",1716208,"Paranã (TO)",4808,3236,0.67,"Baixo"
"255",1100304,"Vilhena (RO)",4970,3230,0.65,"Baixo"
"256",2108900,"Poção de Pedras (MA)",3976,3227,0.81,"Médio Alto"
"257",1505536,"Parauapebas (PA)",4752,3209,0.68,"Médio Baixo"
"258",1502756,"Concórdia do Pará (PA)",5254,3206,0.61,"Baixo"
"259",2110302,"Santo Antônio dos Lopes (MA)",4499,3200,0.71,"Médio Baixo"
"260",1300631,"Beruri (AM)",3756,3199,0.85,"Alto"
"261",5101902,"Brasnorte (MT)",5632,3197,0.57,"Muito Baixo"
"262",1100502,"Novo Horizonte do Oeste (RO)",4172,3189,0.76,"Médio Baixo"
"263",1508357,"Vitória do Xingu (PA)",3847,3185,0.83,"Médio Alto"
"264",2112902,"Vitória do Mearim (MA)",4782,3171,0.66,"Baixo"
"265",1101302,"Mirante da Serra (RO)",3516,3166,0.9,"Alto"
"266",5107065,"Querência (MT)",5770,3113,0.54,"Muito Baixo"
"267",1709005,"Goiatins (TO)",3931,3093,0.79,"Médio Alto"
"268",2104081,"Fernando Falcão (MA)",3583,3065,0.86,"Alto"
"269",1100809,"Candeias do Jamari (RO)",3793,3051,0.8,"Médio Alto"
"270",1501576,"Bom Jesus do Tocantins (PA)",4478,3045,0.68,"Médio Baixo"
"271",2107456,"Olinda Nova do Maranhão (MA)",4903,3034,0.62,"Baixo"
"272",5106216,"Nova Canaã do Norte (MT)",3818,2997,0.78,"Médio Alto"
"273",5107859,"São Félix do Araguaia (MT)",5089,2990,0.59,"Baixo"
"274",1507151,"São Domingos do Araguaia (PA)",3835,2987,0.78,"Médio Alto"
"275",2102002,"Bom Jardim (MA)",3940,2960,0.75,"Médio Baixo"
"276",1505635,"Piçarra (PA)",4378,2919,0.67,"Baixo"
"277",5106752,"Pontes e Lacerda (MT)",4335,2917,0.67,"Baixo"
"278",1718758,"Rio Sono (TO)",3246,2897,0.89,"Alto"
"279",1200336,"Mâncio Lima (AC)",3660,2831,0.77,"Médio Alto"
"280",1507953,"Tailândia (PA)",7769,2819,0.36,"Muito Baixo"
"281",5105622,"Mirassol d'Oeste (MT)",3854,2815,0.73,"Médio Baixo"
"282",5102678,"Campo Verde (MT)",6370,2805,0.44,"Muito Baixo"
"283",1200435,"Santa Rosa do Purus (AC)",2954,2770,0.94,"Muito Alto"
"284",2105708,"Lago da Pedra (MA)",4285,2750,0.64,"Baixo"
"285",1508209,"Vigia (PA)",2943,2720,0.92,"Muito Alto"
"286",1504406,"Marapanim (PA)",3630,2714,0.75,"Médio Baixo"
"287",1304260,"Uarini (AM)",4510,2670,0.59,"Baixo"
"288",1506500,"Santa Izabel do Pará (PA)",3798,2670,0.7,"Médio Baixo"
"289",1300409,"Barcelos (AM)",2747,2662,0.97,"Muito Alto"
"290",1505031,"Novo Progresso (PA)",3979,2639,0.66,"Baixo"
"291",2102374,"Cachoeira Grande (MA)",2843,2628,0.92,"Muito Alto"
"292",1721000,"Palmas (TO)",3441,2619,0.76,"Médio Baixo"
"293",5106828,"Porto Esperidião (MT)",3672,2607,0.71,"Médio Baixo"
"294",5102850,"Castanheira (MT)",3187,2591,0.81,"Médio Alto"
"295",2113009,"Vitorino Freire (MA)",3718,2586,0.7,"Médio Baixo"
"296",1100106,"Guajará-Mirim (RO)",2780,2584,0.93,"Muito Alto"
"297",1100296,"Santa Luzia D'Oeste (RO)",3214,2578,0.8,"Médio Alto"
"298",1400308,"Mucajaí (RR)",3136,2577,0.82,"Médio Alto"
"299",1502152,"Canaã dos Carajás (PA)",3467,2566,0.74,"Médio Baixo"
"300",5106265,"Novo Mundo (MT)",3400,2552,0.75,"Médio Baixo"
"301",1502400,"Castanhal (PA)",3461,2545,0.74,"Médio Baixo"
"302",1200344,"Manoel Urbano (AC)",2944,2537,0.86,"Alto"
"303",1101203,"Ministro Andreazza (RO)",3616,2536,0.7,"Médio Baixo"
"304",2102705,"Cantanhede (MA)",3432,2534,0.74,"Médio Baixo"
"305",5105176,"Juruena (MT)",2935,2534,0.86,"Alto"
"306",2102408,"Cajapió (MA)",3157,2532,0.8,"Médio Alto"
"307",1502764,"Cumaru do Norte (PA)",3939,2515,0.64,"Baixo"
"308",2100477,"Alto Alegre do Pindaré (MA)",3081,2509,0.81,"Médio Alto"
"309",5104542,"Itanhangá (MT)",2932,2494,0.85,"Alto"
"310",1703842,"Campos Lindos (TO)",3219,2490,0.77,"Médio Alto"
"311",1200393,"Porto Walter (AC)",2511,2489,0.99,"Muito Alto"
"312",2102077,"Bom Lugar (MA)",3027,2486,0.82,"Médio Alto"
"313",5102793,"Carlinda (MT)",3084,2483,0.81,"Médio Alto"
"314",1100189,"Pimenta Bueno (RO)",2898,2482,0.86,"Alto"
"315",2101004,"Arari (MA)",3129,2466,0.79,"Médio Alto"
"316",2103505,"Colinas (MA)",3222,2463,0.76,"Médio Baixo"
"317",1708205,"Formoso do Araguaia (TO)",4079,2451,0.6,"Baixo"
"318",1504059,"Mãe do Rio (PA)",2659,2449,0.92,"Muito Alto"
"319",1707207,"Dois Irmãos do Tocantins (TO)",3875,2444,0.63,"Baixo"
"320",5106307,"Paranatinga (MT)",4675,2443,0.52,"Muito Baixo"
"321",1507003,"Santo Antônio do Tauá (PA)",3359,2439,0.73,"Médio Baixo"
"322",1500701,"Anajás (PA)",2900,2431,0.84,"Médio Alto"
"323",5106257,"Nova Xavantina (MT)",3479,2426,0.7,"Médio Baixo"
"324",1300060,"Amaturá (AM)",2515,2419,0.96,"Muito Alto"
"325",2104073,"Feira Nova do Maranhão (MA)",2682,2409,0.9,"Alto"
"326",5105606,"Matupá (MT)",3154,2405,0.76,"Médio Baixo"
"327",1721109,"Tocantínia (TO)",2587,2386,0.92,"Muito Alto"
"328",1502004,"Cachoeira do Arari (PA)",2595,2364,0.91,"Muito Alto"
"329",2111052,"São João do Paraíso (MA)",3034,2359,0.78,"Médio Alto"
"330",1303569,"Rio Preto da Eva (AM)",3285,2342,0.71,"Médio Baixo"
"331",1502202,"Capanema (PA)",3042,2338,0.77,"Médio Alto"
"332",5105002,"Jauru (MT)",2935,2335,0.8,"Médio Alto"
"333",2111201,"São José de Ribamar (MA)",2706,2332,0.86,"Alto"
"334",1400233,"Caroebe (RR)",3296,2330,0.71,"Médio Baixo"
"335",1101807,"Vale do Paraíso (RO)",2974,2324,0.78,"Médio Alto"
"336",1506559,"Santa Luzia do Pará (PA)",3663,2322,0.63,"Baixo"
"337",1300144,"Apuí (AM)",3695,2314,0.63,"Baixo"
"338",1506609,"Santa Maria do Pará (PA)",3608,2291,0.63,"Baixo"
"339",2114007,"Zé Doca (MA)",3188,2288,0.72,"Médio Baixo"
"340",1100924,"Chupinguaia (RO)",3331,2284,0.69,"Médio Baixo"
"341",5101852,"Bom Jesus do Araguaia (MT)",3038,2267,0.75,"Médio Baixo"
"342",1702109,"Araguaína (TO)",3346,2266,0.68,"Médio Baixo"
"343",2104602,"Governador Eugênio Barros (MA)",2974,2261,0.76,"Médio Baixo"
"344",1301704,"Humaitá (AM)",2571,2256,0.88,"Alto"
"345",5100201,"Água Boa (MT)",3652,2229,0.61,"Baixo"
"346",5107909,"Sinop (MT)",3299,2228,0.68,"Médio Baixo"
"347",1505403,"Ourém (PA)",3203,2221,0.69,"Médio Baixo"
"348",1100031,"Cabixi (RO)",3085,2214,0.72,"Médio Baixo"
"349",2110708,"São Domingos do Maranhão (MA)",3565,2213,0.62,"Baixo"
"350",2101103,"Axixá (MA)",2611,2195,0.84,"Médio Alto"
"351",2109007,"Porto Franco (MA)",2815,2195,0.78,"Médio Alto"
"352",1302207,"Juruá (AM)",3176,2189,0.69,"Médio Baixo"
"353",1302801,"Maraã (AM)",2626,2186,0.83,"Médio Alto"
"354",2107506,"Paço do Lumiar (MA)",2834,2152,0.76,"Médio Baixo"
"355",5105580,"Marcelândia (MT)",3015,2132,0.71,"Médio Baixo"
"356",5107776,"Santa Terezinha (MT)",2948,2127,0.72,"Médio Baixo"
"357",1100601,"Cacaulândia (RO)",2707,2119,0.78,"Médio Alto"
"358",1400282,"Iracema (RR)",2898,2110,0.73,"Médio Baixo"
"359",1600535,"Porto Grande (AP)",2544,2106,0.83,"Médio Alto"
"360",1300102,"Anori (AM)",2931,2100,0.72,"Médio Baixo"
"361",1503804,"Jacundá (PA)",2408,2086,0.87,"Alto"
"362",1506138,"Redenção (PA)",2841,2079,0.73,"Médio Baixo"
"363",2111078,"São João do Soter (MA)",2739,2076,0.76,"Médio Baixo"
"364",2104008,"Esperantinópolis (MA)",2994,2074,0.69,"Médio Baixo"
"365",5103502,"Diamantino (MT)",5024,2064,0.41,"Muito Baixo"
"366",1101104,"Itapuã do Oeste (RO)",3079,2063,0.67,"Baixo"
"367",1304302,"Urucará (AM)",2736,2062,0.75,"Médio Baixo"
"368",2102150,"Brejo de Areia (MA)",3275,2054,0.63,"Baixo"
"369",1702406,"Arraias (TO)",3526,2049,0.58,"Baixo"
"370",1706001,"Couto Magalhães (TO)",2463,2044,0.83,"Médio Alto"
"371",1702000,"Araguaçu (TO)",2933,2042,0.7,"Médio Baixo"
"372",2108108,"Paulo Ramos (MA)",3927,2041,0.52,"Muito Baixo"
"373",1101559,"Teixeirópolis (RO)",2273,2039,0.9,"Alto"
"374",1304401,"Urucurituba (AM)",3296,2030,0.62,"Baixo"
"375",5106778,"Porto Alegre do Norte (MT)",2744,2015,0.73,"Médio Baixo"
"376",1501600,"Bonito (PA)",2556,2013,0.79,"Médio Alto"
"377",1101450,"Parecis (RO)",2491,2004,0.8,"Médio Alto"
"378",1713205,"Miracema do Tocantins (TO)",2772,1990,0.72,"Médio Baixo"
"379",1600600,"Santana (AP)",2435,1982,0.81,"Médio Alto"
"380",2102036,"Bom Jesus das Selvas (MA)",2499,1975,0.79,"Médio Alto"
"381",5100805,"Apiacás (MT)",2574,1971,0.77,"Médio Alto"
"382",1717008,"Pindorama do Tocantins (TO)",2284,1961,0.86,"Alto"
"383",1701903,"Araguacema (TO)",2629,1942,0.74,"Médio Baixo"
"384",2105609,"Joselândia (MA)",2298,1942,0.85,"Alto"
"385",5106174,"Nova Nazaré (MT)",2156,1939,0.9,"Alto"
"386",1716604,"Peixe (TO)",2873,1938,0.67,"Baixo"
"387",2106904,"Monção (MA)",2567,1938,0.75,"Médio Baixo"
"388",5106281,"Novo São Joaquim (MT)",3648,1937,0.53,"Muito Baixo"
"389",1701309,"Aragominas (TO)",2177,1935,0.89,"Alto"
"390",2105351,"Itaipava do Grajaú (MA)",2529,1932,0.76,"Médio Baixo"
"391",2108454,"Peritoró (MA)",2395,1930,0.81,"Médio Alto"
"392",5106372,"Pedra Preta (MT)",5086,1926,0.38,"Muito Baixo"
"393",5101803,"Barra do Garças (MT)",3477,1923,0.55,"Muito Baixo"
"394",1508407,"Xinguara (PA)",3025,1903,0.63,"Baixo"
"395",2111300,"São Luís (MA)",2536,1901,0.75,"Médio Baixo"
"396",1506161,"Rio Maria (PA)",3866,1899,0.49,"Muito Baixo"
"397",5107180,"Ribeirão Cascalheira (MT)",2835,1893,0.67,"Baixo"
"398",1505601,"Peixe-Boi (PA)",2726,1889,0.69,"Médio Baixo"
"399",1713601,"Monte do Carmo (TO)",2830,1889,0.67,"Baixo"
"400",2109205,"Presidente Juscelino (MA)",2376,1884,0.79,"Médio Alto"
"401",2112456,"Turilândia (MA)",2152,1883,0.88,"Alto"
"402",1600154,"Pedra Branca do Amapari (AP)",2043,1876,0.92,"Muito Alto"
"403",2102309,"Buriti Bravo (MA)",3147,1874,0.6,"Baixo"
"404",1503754,"Jacareacanga (PA)",2286,1865,0.82,"Médio Alto"
"405",1720903,"Taguatinga (TO)",2336,1840,0.79,"Médio Alto"
"406",2105476,"Jenipapo dos Vieiras (MA)",2811,1838,0.65,"Baixo"
"407",2110039,"Santa Luzia do Paruá (MA)",2273,1827,0.8,"Médio Alto"
"408",5103700,"Feliz Natal (MT)",2385,1827,0.77,"Médio Alto"
"409",1200328,"Jordão (AC)",1841,1823,0.99,"Muito Alto"
"410",2111573,"São Pedro dos Crentes (MA)",2259,1820,0.81,"Médio Alto"
"411",1716653,"Pequizeiro (TO)",2248,1819,0.81,"Médio Alto"
"412",2109106,"Presidente Dutra (MA)",3833,1811,0.47,"Muito Baixo"
"413",1101484,"São Felipe D'Oeste (RO)",2260,1810,0.8,"Médio Alto"
"414",2108702,"Pio XII (MA)",2127,1807,0.85,"Alto"
"415",2105963,"Lagoa Grande do Maranhão (MA)",2257,1799,0.8,"Médio Alto"
"416",1304005,"Silves (AM)",2035,1795,0.88,"Alto"
"417",1712504,"Marianópolis do Tocantins (TO)",2136,1790,0.84,"Médio Alto"
"418",1505007,"Nova Timboteua (PA)",1994,1787,0.9,"Alto"
"419",2110807,"São Félix de Balsas (MA)",2931,1780,0.61,"Baixo"
"420",1502855,"Curuá (PA)",2380,1762,0.74,"Médio Baixo"
"421",1301951,"Itamarati (AM)",2060,1745,0.85,"Alto"
"422",2108009,"Pastos Bons (MA)",3132,1745,0.56,"Muito Baixo"
"423",1501451,"Belterra (PA)",1903,1740,0.91,"Muito Alto"
"424",2106375,"Maranhãozinho (MA)",1951,1736,0.89,"Alto"
"425",1502905,"Curuçá (PA)",2549,1727,0.68,"Médio Baixo"
"426",1508050,"Trairão (PA)",1890,1723,0.91,"Muito Alto"
"427",2109304,"Presidente Vargas (MA)",2082,1721,0.83,"Médio Alto"
"428",5107925,"Sorriso (MT)",4937,1716,0.35,"Muito Baixo"
"429",2105906,"Lago Verde (MA)",2252,1703,0.76,"Médio Baixo"
"430",1501758,"Brejo Grande do Araguaia (PA)",2179,1702,0.78,"Médio Alto"
"431",2106805,"Mirinzal (MA)",2319,1691,0.73,"Médio Baixo"
"432",1502608,"Colares (PA)",1760,1686,0.96,"Muito Alto"
"433",2107001,"Montes Altos (MA)",1944,1683,0.87,"Alto"
"434",1100056,"Cerejeiras (RO)",2182,1682,0.77,"Médio Alto"
"435",2103257,"Cidelândia (MA)",2374,1679,0.71,"Médio Baixo"
"436",1507979,"Terra Santa (PA)",1937,1675,0.86,"Alto"
"437",1703008,"Babaçulândia (TO)",2079,1675,0.81,"Médio Alto"
"438",5106182,"Nova Lacerda (MT)",2606,1669,0.64,"Baixo"
"439",1707702,"Filadélfia (TO)",1945,1668,0.86,"Alto"
"440",1303205,"Novo Airão (AM)",1740,1661,0.95,"Muito Alto"
"441",5107941,"Tabaporã (MT)",2631,1658,0.63,"Baixo"
"442",5105200,"Juscimeira (MT)",2264,1654,0.73,"Médio Baixo"
"443",5106240,"Nova Ubiratã (MT)",3524,1650,0.47,"Muito Baixo"
"444",2106003,"Lima Campos (MA)",2337,1640,0.7,"Médio Baixo"
"445",2106102,"Loreto (MA)",2304,1629,0.71,"Médio Baixo"
"446",5103007,"Chapada dos Guimarães (MT)",2974,1629,0.55,"Muito Baixo"
"447",1709302,"Guaraí (TO)",2267,1625,0.72,"Médio Baixo"
"448",1503408,"Inhangapi (PA)",1837,1617,0.88,"Alto"
"449",1303957,"São Sebastião do Uatumã (AM)",2443,1614,0.66,"Baixo"
"450",1713809,"Palmeiras do Tocantins (TO)",2016,1610,0.8,"Médio Alto"
"451",5101605,"Barão de Melgaço (MT)",1981,1607,0.81,"Médio Alto"
"452",1200054,"Assis Brasil (AC)",1682,1601,0.95,"Muito Alto"
"453",2105807,"Lago do Junco (MA)",1814,1601,0.88,"Alto"
"454",5103056,"Cláudia (MT)",2069,1601,0.77,"Médio Alto"
"455",5102694,"Canabrava do Norte (MT)",1719,1598,0.93,"Muito Alto"
"456",2100873,"Araguanã (MA)",2311,1585,0.69,"Médio Baixo"
"457",2108405,"Peri Mirim (MA)",1828,1580,0.86,"Alto"
"458",2111607,"São Raimundo das Mangabeiras (MA)",2225,1572,0.71,"Médio Baixo"
"459",2111508,"São Mateus do Maranhão (MA)",2048,1549,0.76,"Médio Baixo"
"460",1703206,"Bernardo Sayão (TO)",2064,1540,0.75,"Médio Baixo"
"461",2107357,"Nova Olinda do Maranhão (MA)",1988,1540,0.77,"Médio Alto"
"462",5108956,"Nova Monte Verde (MT)",2325,1538,0.66,"Baixo"
"463",1717503,"Pium (TO)",2288,1530,0.67,"Baixo"
"464",1715705,"Palmeirante (TO)",2280,1526,0.67,"Baixo"
"465",1708304,"Goianorte (TO)",1769,1521,0.86,"Alto"
"466",5107305,"São José do Rio Claro (MT)",2968,1512,0.51,"Muito Baixo"
"467",2105500,"João Lisboa (MA)",2099,1507,0.72,"Médio Baixo"
"468",1507474,"São João de Pirabas (PA)",2179,1497,0.69,"Médio Baixo"
"469",5107578,"Rondolândia (MT)",2190,1492,0.68,"Médio Baixo"
"470",5101258,"Araputanga (MT)",2161,1491,0.69,"Médio Baixo"
"471",2104404,"Gonçalves Dias (MA)",2066,1482,0.72,"Médio Baixo"
"472",1502939,"Dom Eliseu (PA)",3022,1470,0.49,"Muito Baixo"
"473",1714880,"Nova Olinda (TO)",1891,1451,0.77,"Médio Alto"
"474",1707108,"Divinópolis do Tocantins (TO)",1710,1448,0.85,"Alto"
"475",1507409,"São Francisco do Pará (PA)",1940,1441,0.74,"Médio Baixo"
"476",2103174,"Centro Novo do Maranhão (MA)",1864,1440,0.77,"Médio Alto"
"477",5100359,"Alto Boa Vista (MT)",1630,1439,0.88,"Alto"
"478",5106224,"Nova Mutum (MT)",4729,1434,0.3,"Muito Baixo"
"479",5108402,"Várzea Grande (MT)",1941,1423,0.73,"Médio Baixo"
"480",1300086,"Anamã (AM)",1645,1407,0.86,"Alto"
"481",5105903,"Nobres (MT)",1930,1394,0.72,"Médio Baixo"
"482",5100300,"Alto Araguaia (MT)",2384,1390,0.58,"Baixo"
"483",1400456,"Pacaraima (RR)",1461,1383,0.95,"Muito Alto"
"484",1717909,"Ponte Alta do Tocantins (TO)",2296,1374,0.6,"Baixo"
"485",1501402,"Belém (PA)",1451,1365,0.94,"Muito Alto"
"486",1722107,"Xambioá (TO)",1852,1355,0.73,"Médio Baixo"
"487",2105948,"Lago dos Rodrigues (MA)",1580,1351,0.86,"Alto"
"488",1710508,"Itacajá (TO)",2266,1349,0.6,"Baixo"
"489",1706100,"Cristalândia (TO)",1865,1339,0.72,"Médio Baixo"
"490",1718550,"Riachinho (TO)",1453,1331,0.92,"Muito Alto"
"491",1400506,"São João da Baliza (RR)",2021,1321,0.65,"Baixo"
"492",2108801,"Pirapemas (MA)",1540,1314,0.85,"Alto"
"493",5100102,"Acorizal (MT)",1577,1303,0.83,"Médio Alto"
"494",1507102,"São Caetano de Odivelas (PA)",1700,1298,0.76,"Médio Baixo"
"495",5104906,"Jangada (MT)",1744,1298,0.74,"Médio Baixo"
"496",2111789,"Serrano do Maranhão (MA)",1931,1291,0.67,"Baixo"
"497",2112852,"Vila Nova dos Martírios (MA)",1900,1291,0.68,"Médio Baixo"
"498",5108808,"Nova Guarita (MT)",1499,1288,0.86,"Alto"
"499",1711506,"Jaú do Tocantins (TO)",1518,1286,0.85,"Alto"
"500",2102606,"Cândido Mendes (MA)",1503,1285,0.85,"Alto"
"501",2104677,"Governador Nunes Freire (MA)",1922,1285,0.67,"Baixo"
"502",2109601,"Rosário (MA)",1646,1272,0.77,"Médio Alto"
"503",2111904,"Sucupira do Norte (MA)",1768,1272,0.72,"Médio Baixo"
"504",1717206,"Piraquê (TO)",1816,1266,0.7,"Médio Baixo"
"505",1712405,"Lizarda (TO)",1508,1265,0.84,"Médio Alto"
"506",2105450,"Jatobá (MA)",1913,1253,0.65,"Baixo"
"507",2109700,"Sambaíba (MA)",2004,1252,0.62,"Baixo"
"508",5103809,"Figueirópolis D'Oeste (MT)",1703,1250,0.73,"Médio Baixo"
"509",5100508,"Alto Paraguai (MT)",1626,1249,0.77,"Médio Alto"
"510",1711951,"Lagoa do Tocantins (TO)",1304,1247,0.96,"Muito Alto"
"511",1716109,"Paraíso do Tocantins (TO)",1532,1245,0.81,"Médio Alto"
"512",2105989,"Lajeado Novo (MA)",1624,1229,0.76,"Médio Baixo"
"513",1718907,"Santa Rosa do Tocantins (TO)",1592,1223,0.77,"Médio Alto"
"514",1718899,"Santa Rita do Tocantins (TO)",1908,1203,0.63,"Baixo"
"515",2105302,"Imperatriz (MA)",2344,1203,0.51,"Muito Baixo"
"516",5104203,"Guiratinga (MT)",2079,1192,0.57,"Muito Baixo"
"517",2103158,"Centro do Guilherme (MA)",1202,1190,0.99,"Muito Alto"
"518",1709500,"Gurupi (TO)",1642,1189,0.72,"Médio Baixo"
"519",2111631,"São Raimundo do Doca Bezerra (MA)",1499,1189,0.79,"Médio Alto"
"520",2102754,"Capinzal do Norte (MA)",1925,1186,0.62,"Baixo"
"521",2108207,"Pedreiras (MA)",1495,1183,0.79,"Médio Alto"
"522",1506302,"Salvaterra (PA)",1584,1181,0.75,"Médio Baixo"
"523",5103106,"Cocalinho (MT)",2346,1181,0.5,"Muito Baixo"
"524",2106359,"Marajá do Sena (MA)",1464,1169,0.8,"Médio Alto"
"525",1505551,"Pau D'Arco (PA)",1849,1168,0.63,"Baixo"
"526",2105427,"Itinga do Maranhão (MA)",2102,1165,0.55,"Muito Baixo"
"527",1722081,"Wanderlândia (TO)",1451,1156,0.8,"Médio Alto"
"528",5102702,"Canarana (MT)",2623,1156,0.44,"Muito Baixo"
"529",2111722,"Satubinha (MA)",1741,1148,0.66,"Baixo"
"530",1304237,"Tonantins (AM)",1361,1145,0.84,"Médio Alto"
"531",5107750,"Salto do Céu (MT)",1380,1142,0.83,"Médio Alto"
"532",1504109,"Magalhães Barata (PA)",1467,1141,0.78,"Médio Alto"
"533",2100501,"Alto Parnaíba (MA)",1529,1138,0.74,"Médio Baixo"
"534",1100908,"Castanheiras (RO)",1345,1131,0.84,"Médio Alto"
"535",5106273,"Novo Horizonte do Norte (MT)",1269,1115,0.88,"Alto"
"536",5107883,"Serra Nova Dourada (MT)",1743,1115,0.64,"Baixo"
"537",2102903,"Carutapera (MA)",1298,1113,0.86,"Alto"
"538",1100262,"Rio Crespo (RO)",1685,1107,0.66,"Baixo"
"539",1600808,"Vitória do Jari (AP)",1370,1103,0.81,"Médio Alto"
"540",1710706,"Itaguatins (TO)",1340,1103,0.82,"Médio Alto"
"541",2107704,"Paraibano (MA)",1436,1099,0.77,"Médio Alto"
"542",2109759,"Santa Filomena do Maranhão (MA)",1430,1098,0.77,"Médio Alto"
"543",2100402,"Altamira do Maranhão (MA)",1508,1095,0.73,"Médio Baixo"
"544",1713304,"Miranorte (TO)",1501,1093,0.73,"Médio Baixo"
"545",2102358,"Buritirana (MA)",1509,1080,0.72,"Médio Baixo"
"546",2101301,"Bacuri (MA)",1903,1072,0.56,"Muito Baixo"
"547",5107297,"São José do Povo (MT)",1182,1072,0.91,"Muito Alto"
"548",1505494,"Palestina do Pará (PA)",1485,1064,0.72,"Médio Baixo"
"549",1501253,"Bannach (PA)",1544,1063,0.69,"Médio Baixo"
"550",5106232,"Nova Olímpia (MT)",1866,1060,0.57,"Muito Baixo"
"551",1506104,"Primavera (PA)",1133,1059,0.93,"Muito Alto"
"552",1715754,"Palmeirópolis (TO)",1727,1056,0.61,"Baixo"
"553",1701002,"Ananás (TO)",1433,1053,0.73,"Médio Baixo"
"554",1705102,"Chapada da Natividade (TO)",1748,1048,0.6,"Baixo"
"555",2103554,"Conceição do Lago-Açu (MA)",1854,1048,0.57,"Muito Baixo"
"556",2111029,"São João do Carú (MA)",1439,1045,0.73,"Médio Baixo"
"557",1707009,"Dianópolis (TO)",1581,1035,0.65,"Baixo"
"558",5103437,"Curvelândia (MT)",1245,1030,0.83,"Médio Alto"
"559",1716703,"Colméia (TO)",1314,1028,0.78,"Médio Alto"
"560",1718840,"Sandolândia (TO)",1471,1023,0.7,"Médio Baixo"
"561",1716307,"Pau D'Arco (TO)",1560,1016,0.65,"Baixo"
"562",1400605,"São Luiz (RR)",1325,1006,0.76,"Médio Baixo"
"563",5104807,"Jaciara (MT)",1844,1003,0.54,"Muito Baixo"
"564",5107354,"São José do Xingu (MT)",1973,1003,0.51,"Muito Baixo"
"565",2111763,"Senador La Rocque (MA)",1383,1000,0.72,"Médio Baixo"
"566",1707405,"Esperantina (TO)",1081,998,0.92,"Muito Alto"
"567",1600279,"Laranjal do Jari (AP)",1199,997,0.83,"Médio Alto"
"568",1711902,"Lagoa da Confusão (TO)",1713,997,0.58,"Baixo"
"569",1718709,"Rio dos Bois (TO)",1112,993,0.89,"Alto"
"570",2104909,"Guimarães (MA)",2450,991,0.4,"Muito Baixo"
"571",2105203,"Igarapé Grande (MA)",1269,983,0.77,"Médio Alto"
"572",1506351,"Santa Bárbara do Pará (PA)",1273,981,0.77,"Médio Alto"
"573",1710904,"Itapiratins (TO)",1371,980,0.71,"Médio Baixo"
"574",2107407,"Olho d'Água das Cunhãs (MA)",1348,971,0.72,"Médio Baixo"
"575",5101704,"Barra do Bugres (MT)",2824,964,0.34,"Muito Baixo"
"576",5103601,"Dom Aquino (MT)",1648,961,0.58,"Baixo"
"577",1718881,"Santa Maria do Tocantins (TO)",1030,951,0.92,"Muito Alto"
"578",1713700,"Monte Santo do Tocantins (TO)",1180,950,0.81,"Médio Alto"
"579",1707652,"Figueirópolis (TO)",1344,949,0.71,"Médio Baixo"
"580",5106851,"Porto Estrela (MT)",1214,949,0.78,"Médio Alto"
"581",1703701,"Brejinho de Nazaré (TO)",1292,944,0.73,"Médio Baixo"
"582",2110856,"São Francisco do Brejão (MA)",1398,944,0.68,"Médio Baixo"
"583",5104609,"Itiquira (MT)",3360,944,0.28,"Muito Baixo"
"584",5108501,"Vera (MT)",2090,941,0.45,"Muito Baixo"
"585",1714203,"Natividade (TO)",1083,940,0.87,"Alto"
"586",2101939,"Bernardo do Mearim (MA)",1130,940,0.83,"Médio Alto"
"587",1707306,"Dueré (TO)",1552,928,0.6,"Baixo"
"588",1717800,"Ponte Alta do Bom Jesus (TO)",1230,926,0.75,"Médio Baixo"
"589",1711803,"Juarina (TO)",1112,912,0.82,"Médio Alto"
"590",1702554,"Augustinópolis (TO)",1164,905,0.78,"Médio Alto"
"591",2105153,"Igarapé do Meio (MA)",1115,900,0.81,"Médio Alto"
"592",5103908,"General Carneiro (MT)",1276,899,0.7,"Médio Baixo"
"593",1600709,"Tartarugalzinho (AP)",1176,898,0.76,"Médio Baixo"
"594",5107040,"Primavera do Leste (MT)",4517,897,0.2,"Muito Baixo"
"595",2103703,"Cururupu (MA)",1408,896,0.64,"Baixo"
"596",5102637,"Campo Novo do Parecis (MT)",4076,892,0.22,"Muito Baixo"
"597",1705607,"Conceição do Tocantins (TO)",1230,888,0.72,"Médio Baixo"
"598",2107258,"Nova Colinas (MA)",1270,883,0.7,"Médio Baixo"
"599",2112001,"Tasso Fragoso (MA)",2094,880,0.42,"Muito Baixo"
"600",2104701,"Graça Aranha (MA)",1688,878,0.52,"Muito Baixo"
"601",1718501,"Recursolândia (TO)",1481,871,0.59,"Baixo"
"602",5106208,"Nova Brasilândia (MT)",1258,866,0.69,"Médio Baixo"
"603",1502772,"Curionópolis (PA)",1483,848,0.57,"Muito Baixo"
"604",1720804,"Sítio Novo do Tocantins (TO)",1197,843,0.7,"Médio Baixo"
"605",1720101,"São Bento do Tocantins (TO)",1697,840,0.49,"Muito Baixo"
"606",1720499,"São Valério (TO)",1059,827,0.78,"Médio Alto"
"607",2101806,"Benedito Leite (MA)",1300,820,0.63,"Baixo"
"608",1700251,"Abreulândia (TO)",1081,815,0.75,"Médio Baixo"
"609",5108352,"Vale de São Domingos (MT)",985,814,0.83,"Médio Alto"
"610",1507755,"Sapucaia (PA)",1126,813,0.72,"Médio Baixo"
"611",2103802,"Dom Pedro (MA)",1231,812,0.66,"Baixo"
"612",1302108,"Japurá (AM)",1256,809,0.64,"Baixo"
"613",2112233,"Trizidela do Vale (MA)",969,808,0.83,"Médio Alto"
"614",1720655,"Silvanópolis (TO)",1137,807,0.71,"Médio Baixo"
"615",1716505,"Pedro Afonso (TO)",2254,804,0.36,"Muito Baixo"
"616",2106201,"Luís Domingues (MA)",1004,804,0.8,"Médio Alto"
"617",1703867,"Cariri do Tocantins (TO)",1281,789,0.62,"Baixo"
"618",5106000,"Nortelândia (MT)",1094,789,0.72,"Médio Baixo"
"619",2103109,"Cedral (MA)",970,788,0.81,"Médio Alto"
"620",5105234,"Lambari D'Oeste (MT)",1641,786,0.48,"Muito Baixo"
"621",2106631,"Matões do Norte (MA)",1038,785,0.76,"Médio Baixo"
"622",2103125,"Central do Maranhão (MA)",923,782,0.85,"Alto"
"623",5103452,"Denise (MT)",2326,774,0.33,"Muito Baixo"
"624",1715002,"Nova Rosalândia (TO)",1017,769,0.76,"Médio Baixo"
"625",1720309,"São Sebastião do Tocantins (TO)",910,767,0.84,"Médio Alto"
"626",2109551,"Ribamar Fiquene (MA)",1081,766,0.71,"Médio Baixo"
"627",2104206,"Fortuna (MA)",1387,749,0.54,"Muito Baixo"
"628",1718808,"Sampaio (TO)",943,742,0.79,"Médio Alto"
"629",1101476,"Primavera de Rondônia (RO)",979,739,0.75,"Médio Baixo"
"630",5106653,"Pontal do Araguaia (MT)",1176,735,0.62,"Baixo"
"631",1101468,"Pimenteiras do Oeste (RO)",1281,734,0.57,"Muito Baixo"
"632",1720200,"São Miguel do Tocantins (TO)",949,728,0.77,"Médio Alto"
"633",1712801,"Maurilândia do Tocantins (TO)",1274,725,0.57,"Muito Baixo"
"634",5105259,"Lucas do Rio Verde (MT)",2605,721,0.28,"Muito Baixo"
"635",5108204,"Torixoréu (MT)",1249,721,0.58,"Baixo"
"636",5107263,"Santo Afonso (MT)",1058,711,0.67,"Baixo"
"637",2111250,"São José dos Basílios (MA)",1267,710,0.56,"Muito Baixo"
"638",1302009,"Itapiranga (AM)",746,708,0.95,"Muito Alto"
"639",1706506,"Darcinópolis (TO)",1231,708,0.58,"Baixo"
"640",1600253,"Itaubal (AP)",835,694,0.83,"Médio Alto"
"641",2101350,"Bacurituba (MA)",769,693,0.9,"Alto"
"642",5108303,"União do Sul (MT)",1104,690,0.62,"Baixo"
"643",1705508,"Colinas do Tocantins (TO)",951,684,0.72,"Médio Baixo"
"644",2104651,"Governador Newton Bello (MA)",1476,675,0.46,"Muito Baixo"
"645",1704105,"Centenário (TO)",1171,673,0.57,"Muito Baixo"
"646",1703073,"Barra do Ouro (TO)",755,666,0.88,"Alto"
"647",1718865,"Santa Fé do Araguaia (TO)",1108,663,0.6,"Baixo"
"648",2109908,"Santa Inês (MA)",909,660,0.73,"Médio Baixo"
"649",1600238,"Ferreira Gomes (AP)",1449,653,0.45,"Muito Baixo"
"650",1700400,"Almas (TO)",1010,652,0.65,"Baixo"
"651",5106190,"Nova Santa Helena (MT)",891,652,0.73,"Médio Baixo"
"652",5106455,"Planalto da Serra (MT)",911,647,0.71,"Médio Baixo"
"653",1720978,"Talismã (TO)",1061,644,0.61,"Baixo"
"654",5108006,"Tapurah (MT)",2268,627,0.28,"Muito Baixo"
"655",2109056,"Porto Rico do Maranhão (MA)",709,623,0.88,"Alto"
"656",2104305,"Godofredo Viana (MA)",818,617,0.75,"Médio Baixo"
"657",2109452,"Raposa (MA)",717,616,0.86,"Alto"
"658",1500800,"Ananindeua (PA)",697,611,0.88,"Alto"
"659",1506203,"Salinópolis (PA)",717,609,0.85,"Alto"
"660",5107875,"Sapezal (MT)",6670,607,0.09,"Muito Baixo"
"661",5108907,"Nova Maringá (MT)",1474,603,0.41,"Muito Baixo"
"662",5100409,"Alto Garças (MT)",2190,602,0.27,"Muito Baixo"
"663",1703909,"Caseara (TO)",995,601,0.6,"Baixo"
"664",1507466,"São João da Ponta (PA)",944,600,0.64,"Baixo"
"665",1700350,"Aliança do Tocantins (TO)",964,600,0.62,"Baixo"
"666",1720259,"São Salvador do Tocantins (TO)",882,593,0.67,"Baixo"
"667",5106802,"Porto dos Gaúchos (MT)",1533,592,0.39,"Muito Baixo"
"668",5107792,"Santo Antônio do Leste (MT)",2017,589,0.29,"Muito Baixo"
"669",1506906,"Santarém Novo (PA)",684,586,0.86,"Alto"
"670",2100832,"Apicum-Açu (MA)",1100,586,0.53,"Muito Baixo"
"671",1721307,"Tupiratins (TO)",693,581,0.84,"Médio Alto"
"672",2100550,"Amapá do Maranhão (MA)",709,576,0.81,"Médio Alto"
"673",1719004,"Santa Tereza do Tocantins (TO)",590,567,0.96,"Muito Alto"
"674",1300839,"Caapiranga (AM)",620,566,0.91,"Muito Alto"
"675",5101308,"Arenápolis (MT)",736,559,0.76,"Médio Baixo"
"676",1718303,"Praia Norte (TO)",752,548,0.73,"Médio Baixo"
"677",5107743,"Santa Cruz do Xingu (MT)",1005,546,0.54,"Muito Baixo"
"678",1600212,"Cutias (AP)",851,545,0.64,"Baixo"
"679",5103957,"Glória D'Oeste (MT)",842,537,0.64,"Baixo"
"680",5103361,"Conquista D'Oeste (MT)",716,536,0.75,"Médio Baixo"
"681",2104552,"Governador Edison Lobão (MA)",852,535,0.63,"Baixo"
"682",2106326,"Maracaçumé (MA)",644,531,0.82,"Médio Alto"
"683",1703305,"Bom Jesus do Tocantins (TO)",690,529,0.77,"Médio Alto"
"684",1702307,"Arapoema (TO)",830,519,0.63,"Baixo"
"685",1701101,"Aparecida do Rio Negro (TO)",797,518,0.65,"Baixo"
"686",1600204,"Calçoene (AP)",650,516,0.79,"Médio Alto"
"687",5108857,"Nova Marilândia (MT)",816,516,0.63,"Baixo"
"688",5108105,"Tesouro (MT)",1357,515,0.38,"Muito Baixo"
"689",2101970,"Boa Vista do Gurupi (MA)",571,513,0.9,"Alto"
"690",2111532,"São Pedro da Água Branca (MA)",851,510,0.6,"Baixo"
"691",1600105,"Amapá (AP)",963,508,0.53,"Muito Baixo"
"692",5104559,"Itaúba (MT)",1019,507,0.5,"Muito Baixo"
"693",2100436,"Alto Alegre do Maranhão (MA)",777,504,0.65,"Baixo"
"694",2104503,"Governador Archer (MA)",686,500,0.73,"Médio Baixo"
"695",1707553,"Fátima (TO)",1073,493,0.46,"Muito Baixo"
"696",1718006,"Porto Alegre do Tocantins (TO)",543,491,0.9,"Alto"
"697",1704600,"Chapada de Areia (TO)",599,489,0.82,"Médio Alto"
"698",1702703,"Aurora do Tocantins (TO)",577,476,0.82,"Médio Alto"
"699",1711100,"Itaporã do Tocantins (TO)",1054,475,0.45,"Muito Baixo"
"700",1712702,"Mateiros (TO)",674,473,0.7,"Médio Baixo"
"701",1700301,"Aguiarnópolis (TO)",764,472,0.62,"Baixo"
"702",1703800,"Buriti do Tocantins (TO)",597,472,0.79,"Médio Alto"
"703",5104500,"Indiavaí (MT)",727,472,0.65,"Baixo"
"704",1713957,"Muricilândia (TO)",665,470,0.71,"Médio Baixo"
"705",1715101,"Novo Acordo (TO)",633,470,0.74,"Médio Baixo"
"706",2111672,"São Roberto (MA)",566,461,0.81,"Médio Alto"
"707",5107156,"Reserva do Cabaçal (MT)",608,461,0.76,"Médio Baixo"
"708",1703107,"Barrolândia (TO)",725,460,0.63,"Baixo"
"709",2105658,"Junco do Maranhão (MA)",600,458,0.76,"Médio Baixo"
"710",2110658,"São Domingos do Azeitão (MA)",768,454,0.59,"Baixo"
"711",2102556,"Campestre do Maranhão (MA)",2327,453,0.19,"Muito Baixo"
"712",1600550,"Pracuúba (AP)",554,439,0.79,"Médio Alto"
"713",1721208,"Tocantinópolis (TO)",715,439,0.61,"Baixo"
"714",2108504,"Pindaré-Mirim (MA)",841,439,0.52,"Muito Baixo"
"715",5106315,"Novo Santo Antônio (MT)",719,437,0.61,"Baixo"
"716",1712157,"Lavandeira (TO)",1283,431,0.34,"Muito Baixo"
"717",2103752,"Davinópolis (MA)",591,430,0.73,"Médio Baixo"
"718",1703891,"Carrasco Bonito (TO)",501,419,0.84,"Médio Alto"
"719",1714302,"Nazaré (TO)",699,418,0.6,"Baixo"
"720",1718402,"Presidente Kennedy (TO)",456,415,0.91,"Muito Alto"
"721",5104526,"Ipiranga do Norte (MT)",2028,412,0.2,"Muito Baixo"
"722",5107404,"São Pedro da Cipa (MT)",524,412,0.79,"Médio Alto"
"723",1712454,"Luzinópolis (TO)",475,409,0.86,"Alto"
"724",1720150,"São Félix do Tocantins (TO)",489,407,0.83,"Médio Alto"
"725",1506112,"Quatipuru (PA)",602,402,0.67,"Baixo"
"726",1506401,"Santa Cruz do Arari (PA)",467,401,0.86,"Alto"
"727",5101001,"Araguaiana (MT)",998,399,0.4,"Muito Baixo"
"728",2109239,"Presidente Médici (MA)",495,392,0.79,"Médio Alto"
"729",2111748,"Senador Alexandre Costa (MA)",566,390,0.69,"Médio Baixo"
"730",1702901,"Axixá do Tocantins (TO)",436,380,0.87,"Alto"
"731",1709807,"Ipueiras (TO)",562,378,0.67,"Baixo"
"732",1721257,"Tupirama (TO)",542,372,0.69,"Médio Baixo"
"733",1712009,"Lajeado (TO)",452,371,0.82,"Médio Alto"
"734",2101251,"Bacabeira (MA)",500,371,0.74,"Médio Baixo"
"735",2104628,"Governador Luiz Rocha (MA)",559,371,0.66,"Baixo"
"736",5105309,"Luciara (MT)",617,371,0.6,"Baixo"
"737",1703826,"Cachoeirinha (TO)",426,370,0.87,"Alto"
"738",5107198,"Ribeirãozinho (MT)",531,365,0.69,"Médio Baixo"
"739",5107248,"Santa Carmem (MT)",930,359,0.39,"Muito Baixo"
"740",1706258,"Crixás do Tocantins (TO)",483,356,0.74,"Médio Baixo"
"741",1703057,"Bandeirantes do Tocantins (TO)",624,348,0.56,"Muito Baixo"
"742",2101772,"Bela Vista do Maranhão (MA)",464,347,0.75,"Médio Baixo"
"743",1702158,"Araguanã (TO)",606,345,0.57,"Muito Baixo"
"744",5107206,"Rio Branco (MT)",525,345,0.66,"Baixo"
"745",1600055,"Serra do Navio (AP)",366,342,0.93,"Muito Alto"
"746",2107308,"Nova Iorque (MA)",447,334,0.75,"Médio Baixo"
"747",1701051,"Angico (TO)",543,332,0.61,"Baixo"
"748",1715259,"Novo Jardim (TO)",427,332,0.78,"Médio Alto"
"749",5100607,"Alto Taquari (MT)",1561,330,0.21,"Muito Baixo"
"750",1718451,"Pugmil (TO)",380,329,0.87,"Alto"
"751",1501501,"Benevides (PA)",466,327,0.7,"Médio Baixo"
"752",1705557,"Combinado (TO)",467,323,0.69,"Médio Baixo"
"753",2112274,"Tufilândia (MA)",334,311,0.93,"Muito Alto"
"754",1720853,"Sucupira (TO)",415,306,0.74,"Médio Baixo"
"755",1715150,"Novo Alegre (TO)",873,305,0.35,"Muito Baixo"
"756",1720002,"Santa Terezinha do Tocantins (TO)",549,303,0.55,"Muito Baixo"
"757",1503002,"Faro (PA)",333,296,0.89,"Alto"
"758",5106703,"Ponte Branca (MT)",352,291,0.83,"Médio Alto"
"759",1507961,"Terra Alta (PA)",345,286,0.83,"Médio Alto"
"760",1708254,"Fortaleza do Tabocão (TO)",419,278,0.66,"Baixo"
"761",1500131,"Abel Figueiredo (PA)",395,272,0.69,"Médio Baixo"
"762",1720937,"Taipas do Tocantins (TO)",353,251,0.71,"Médio Baixo"
"763",1703602,"Brasilândia do Tocantins (TO)",437,244,0.56,"Muito Baixo"
"764",1507904,"Soure (PA)",555,231,0.42,"Muito Baixo"
"765",5102686,"Campos de Júlio (MT)",2121,230,0.11,"Muito Baixo"
"766",1700707,"Alvorada (TO)",565,225,0.4,"Muito Baixo"
"767",5107768,"Santa Rita do Trivelato (MT)",1087,217,0.2,"Muito Baixo"
"768",1715507,"Oliveira de Fátima (TO)",485,208,0.43,"Muito Baixo"
"769",2106755,"Miranda do Norte (MA)",304,194,0.64,"Baixo"
"770",1703883,"Carmolândia (TO)",326,193,0.59,"Baixo"
"771",5101209,"Araguainha (MT)",146,117,0.8,"Médio Alto"
"772",1504422,"Marituba (PA)",105,85,0.81,"Médio Alto"
"773",1718659,"Rio da Conceição (TO)",147,57,0.39,"Muito Baixo"
