"","cod_muni","muni","total_medios_estab","class_total_medios_estab","total_grandes_estab","class_total_grandes_estab","medios_e_grandes_estab","class_medios_e_grandes_estab"
"1",1100015,"Alta Floresta D'Oeste (RO)",242,"Muito Alto",63,"Alto",305,"Muito Alto"
"2",1100023,"Ariquemes (RO)",301,"Muito Alto",57,"Alto",358,"Muito Alto"
"3",1100031,"Cabixi (RO)",64,"Médio Alto",11,"Médio Baixo",75,"Médio Baixo"
"4",1100049,"Cacoal (RO)",166,"Alto",21,"Médio Alto",187,"Alto"
"5",1100056,"Cerejeiras (RO)",82,"Médio Alto",20,"Médio Alto",102,"Médio Alto"
"6",1100064,"Colorado do Oeste (RO)",110,"Alto",15,"Médio Baixo",125,"Médio Alto"
"7",1100072,"Corumbiara (RO)",54,"Médio Alto",42,"Alto",96,"Médio Alto"
"8",1100080,"Costa Marques (RO)",207,"Muito Alto",28,"Médio Alto",235,"Alto"
"9",1100098,"Espigão D'Oeste (RO)",182,"Alto",48,"Alto",230,"Alto"
"10",1100106,"Guajará-Mirim (RO)",76,"Médio Alto",12,"Médio Baixo",88,"Médio Alto"
"11",1100114,"Jaru (RO)",186,"Alto",14,"Médio Baixo",200,"Alto"
"12",1100122,"Ji-Paraná (RO)",173,"Alto",22,"Médio Alto",195,"Alto"
"13",1100130,"Machadinho D'Oeste (RO)",178,"Alto",27,"Médio Alto",205,"Alto"
"14",1100148,"Nova Brasilândia D'Oeste (RO)",82,"Médio Alto",14,"Médio Baixo",96,"Médio Alto"
"15",1100155,"Ouro Preto do Oeste (RO)",130,"Alto",4,"Baixo",134,"Médio Alto"
"16",1100189,"Pimenta Bueno (RO)",176,"Alto",63,"Alto",239,"Alto"
"17",1100205,"Porto Velho (RO)",473,"Muito Alto",87,"Muito Alto",560,"Muito Alto"
"18",1100254,"Presidente Médici (RO)",91,"Médio Alto",7,"Médio Baixo",98,"Médio Alto"
"19",1100262,"Rio Crespo (RO)",84,"Médio Alto",27,"Médio Alto",111,"Médio Alto"
"20",1100288,"Rolim de Moura (RO)",128,"Alto",6,"Médio Baixo",134,"Médio Alto"
"21",1100296,"Santa Luzia D'Oeste (RO)",38,"Médio Baixo",16,"Médio Alto",54,"Médio Baixo"
"22",1100304,"Vilhena (RO)",120,"Alto",61,"Alto",181,"Alto"
"23",1100320,"São Miguel do Guaporé (RO)",106,"Médio Alto",29,"Médio Alto",135,"Médio Alto"
"24",1100338,"Nova Mamoré (RO)",206,"Muito Alto",25,"Médio Alto",231,"Alto"
"25",1100346,"Alvorada D'Oeste (RO)",120,"Alto",21,"Médio Alto",141,"Médio Alto"
"26",1100379,"Alto Alegre dos Parecis (RO)",105,"Médio Alto",24,"Médio Alto",129,"Médio Alto"
"27",1100403,"Alto Paraíso (RO)",167,"Alto",11,"Médio Baixo",178,"Alto"
"28",1100452,"Buritis (RO)",243,"Muito Alto",17,"Médio Alto",260,"Muito Alto"
"29",1100502,"Novo Horizonte do Oeste (RO)",43,"Médio Baixo",6,"Médio Baixo",49,"Médio Baixo"
"30",1100601,"Cacaulândia (RO)",197,"Muito Alto",27,"Médio Alto",224,"Alto"
"31",1100700,"Campo Novo de Rondônia (RO)",157,"Alto",20,"Médio Alto",177,"Alto"
"32",1100809,"Candeias do Jamari (RO)",140,"Alto",32,"Médio Alto",172,"Alto"
"33",1100908,"Castanheiras (RO)",49,"Médio Baixo",6,"Médio Baixo",55,"Médio Baixo"
"34",1100924,"Chupinguaia (RO)",83,"Médio Alto",82,"Muito Alto",165,"Alto"
"35",1100940,"Cujubim (RO)",137,"Alto",15,"Médio Baixo",152,"Médio Alto"
"36",1101005,"Governador Jorge Teixeira (RO)",104,"Médio Alto",11,"Médio Baixo",115,"Médio Alto"
"37",1101104,"Itapuã do Oeste (RO)",73,"Médio Alto",12,"Médio Baixo",85,"Médio Alto"
"38",1101203,"Ministro Andreazza (RO)",41,"Médio Baixo",4,"Baixo",45,"Médio Baixo"
"39",1101302,"Mirante da Serra (RO)",27,"Médio Baixo",4,"Baixo",31,"Baixo"
"40",1101401,"Monte Negro (RO)",133,"Alto",11,"Médio Baixo",144,"Médio Alto"
"41",1101435,"Nova União (RO)",38,"Médio Baixo",1,"Muito Baixo",39,"Médio Baixo"
"42",1101450,"Parecis (RO)",46,"Médio Baixo",32,"Médio Alto",78,"Médio Baixo"
"43",1101468,"Pimenteiras do Oeste (RO)",60,"Médio Alto",39,"Alto",99,"Médio Alto"
"44",1101476,"Primavera de Rondônia (RO)",30,"Médio Baixo",9,"Médio Baixo",39,"Médio Baixo"
"45",1101484,"São Felipe D'Oeste (RO)",16,"Baixo",6,"Médio Baixo",22,"Baixo"
"46",1101492,"São Francisco do Guaporé (RO)",237,"Muito Alto",33,"Médio Alto",270,"Muito Alto"
"47",1101500,"Seringueiras (RO)",91,"Médio Alto",11,"Médio Baixo",102,"Médio Alto"
"48",1101559,"Teixeirópolis (RO)",37,"Médio Baixo",0,0,0,0
"49",1101609,"Theobroma (RO)",106,"Médio Alto",24,"Médio Alto",130,"Médio Alto"
"50",1101708,"Urupá (RO)",16,"Baixo",1,"Muito Baixo",17,"Muito Baixo"
"51",1101757,"Vale do Anari (RO)",94,"Médio Alto",8,"Médio Baixo",102,"Médio Alto"
"52",1101807,"Vale do Paraíso (RO)",52,"Médio Alto",4,"Baixo",56,"Médio Baixo"
"53",1200013,"Acrelândia (AC)",137,"Alto",17,"Médio Alto",154,"Médio Alto"
"54",1200054,"Assis Brasil (AC)",133,"Alto",3,"Baixo",136,"Médio Alto"
"55",1200104,"Brasiléia (AC)",473,"Muito Alto",24,"Médio Alto",497,"Muito Alto"
"56",1200138,"Bujari (AC)",72,"Médio Alto",40,"Alto",112,"Médio Alto"
"57",1200179,"Capixaba (AC)",103,"Médio Alto",29,"Médio Alto",132,"Médio Alto"
"58",1200203,"Cruzeiro do Sul (AC)",46,"Médio Baixo",6,"Médio Baixo",52,"Médio Baixo"
"59",1200252,"Epitaciolândia (AC)",221,"Muito Alto",17,"Médio Alto",238,"Alto"
"60",1200302,"Feijó (AC)",170,"Alto",22,"Médio Alto",192,"Alto"
"61",1200328,"Jordão (AC)",4,"Muito Baixo",0,0,0,0
"62",1200336,"Mâncio Lima (AC)",19,"Baixo",4,"Baixo",23,"Baixo"
"63",1200344,"Manoel Urbano (AC)",74,"Médio Alto",11,"Médio Baixo",85,"Médio Alto"
"64",1200351,"Marechal Thaumaturgo (AC)",1,"Muito Baixo",1,"Muito Baixo",2,"Muito Baixo"
"65",1200385,"Plácido de Castro (AC)",132,"Alto",22,"Médio Alto",154,"Médio Alto"
"66",1200393,"Porto Walter (AC)",9,"Muito Baixo",0,0,0,0
"67",1200401,"Rio Branco (AC)",432,"Muito Alto",81,"Muito Alto",513,"Muito Alto"
"68",1200427,"Rodrigues Alves (AC)",21,"Baixo",2,"Muito Baixo",23,"Baixo"
"69",1200435,"Santa Rosa do Purus (AC)",25,"Médio Baixo",3,"Baixo",28,"Baixo"
"70",1200450,"Senador Guiomard (AC)",119,"Alto",34,"Médio Alto",153,"Médio Alto"
"71",1200500,"Sena Madureira (AC)",213,"Muito Alto",51,"Alto",264,"Muito Alto"
"72",1200609,"Tarauacá (AC)",119,"Alto",32,"Médio Alto",151,"Médio Alto"
"73",1200708,"Xapuri (AC)",760,"Muito Alto",60,"Alto",820,"Muito Alto"
"74",1200807,"Porto Acre (AC)",87,"Médio Alto",39,"Alto",126,"Médio Alto"
"75",1300029,"Alvarães (AM)",3,"Muito Baixo",0,0,0,0
"76",1300060,"Amaturá (AM)",6,"Muito Baixo",1,"Muito Baixo",7,"Muito Baixo"
"77",1300086,"Anamã (AM)",13,"Baixo",0,0,0,0
"78",1300102,"Anori (AM)",20,"Baixo",1,"Muito Baixo",21,"Baixo"
"79",1300144,"Apuí (AM)",302,"Muito Alto",57,"Alto",359,"Muito Alto"
"80",1300201,"Atalaia do Norte (AM)",0,0,0,0,0,0
"81",1300300,"Autazes (AM)",190,"Muito Alto",9,"Médio Baixo",199,"Alto"
"82",1300409,"Barcelos (AM)",0,0,0,0,0,0
"83",1300508,"Barreirinha (AM)",36,"Médio Baixo",2,"Muito Baixo",38,"Médio Baixo"
"84",1300607,"Benjamin Constant (AM)",2,"Muito Baixo",0,0,0,0
"85",1300631,"Beruri (AM)",24,"Médio Baixo",2,"Muito Baixo",26,"Baixo"
"86",1300680,"Boa Vista do Ramos (AM)",28,"Médio Baixo",0,0,0,0
"87",1300706,"Boca do Acre (AM)",260,"Muito Alto",41,"Alto",301,"Muito Alto"
"88",1300805,"Borba (AM)",22,"Baixo",0,0,0,0
"89",1300839,"Caapiranga (AM)",0,0,0,0,0,0
"90",1300904,"Canutama (AM)",92,"Médio Alto",33,"Médio Alto",125,"Médio Alto"
"91",1301001,"Carauari (AM)",8,"Muito Baixo",1,"Muito Baixo",9,"Muito Baixo"
"92",1301100,"Careiro (AM)",55,"Médio Alto",4,"Baixo",59,"Médio Baixo"
"93",1301159,"Careiro da Várzea (AM)",58,"Médio Alto",1,"Muito Baixo",59,"Médio Baixo"
"94",1301209,"Coari (AM)",68,"Médio Alto",11,"Médio Baixo",79,"Médio Baixo"
"95",1301308,"Codajás (AM)",89,"Médio Alto",3,"Baixo",92,"Médio Alto"
"96",1301407,"Eirunepé (AM)",7,"Muito Baixo",1,"Muito Baixo",8,"Muito Baixo"
"97",1301506,"Envira (AM)",110,"Alto",8,"Médio Baixo",118,"Médio Alto"
"98",1301605,"Fonte Boa (AM)",0,0,0,0,0,0
"99",1301654,"Guajará (AM)",40,"Médio Baixo",7,"Médio Baixo",47,"Médio Baixo"
"100",1301704,"Humaitá (AM)",43,"Médio Baixo",13,"Médio Baixo",56,"Médio Baixo"
"101",1301803,"Ipixuna (AM)",42,"Médio Baixo",2,"Muito Baixo",44,"Médio Baixo"
"102",1301852,"Iranduba (AM)",12,"Baixo",0,0,0,0
"103",1301902,"Itacoatiara (AM)",89,"Médio Alto",11,"Médio Baixo",100,"Médio Alto"
"104",1301951,"Itamarati (AM)",10,"Baixo",0,0,0,0
"105",1302009,"Itapiranga (AM)",12,"Baixo",0,0,0,0
"106",1302108,"Japurá (AM)",5,"Muito Baixo",0,0,0,0
"107",1302207,"Juruá (AM)",1,"Muito Baixo",0,0,0,0
"108",1302306,"Jutaí (AM)",3,"Muito Baixo",1,"Muito Baixo",4,"Muito Baixo"
"109",1302405,"Lábrea (AM)",140,"Alto",76,"Alto",216,"Alto"
"110",1302504,"Manacapuru (AM)",28,"Médio Baixo",3,"Baixo",31,"Baixo"
"111",1302553,"Manaquiri (AM)",23,"Médio Baixo",1,"Muito Baixo",24,"Baixo"
"112",1302603,"Manaus (AM)",17,"Baixo",2,"Muito Baixo",19,"Baixo"
"113",1302702,"Manicoré (AM)",147,"Alto",39,"Alto",186,"Alto"
"114",1302801,"Maraã (AM)",0,0,0,0,0,0
"115",1302900,"Maués (AM)",73,"Médio Alto",20,"Médio Alto",93,"Médio Alto"
"116",1303007,"Nhamundá (AM)",64,"Médio Alto",1,"Muito Baixo",65,"Médio Baixo"
"117",1303106,"Nova Olinda do Norte (AM)",11,"Baixo",2,"Muito Baixo",13,"Muito Baixo"
"118",1303205,"Novo Airão (AM)",3,"Muito Baixo",0,0,0,0
"119",1303304,"Novo Aripuanã (AM)",91,"Médio Alto",17,"Médio Alto",108,"Médio Alto"
"120",1303403,"Parintins (AM)",95,"Médio Alto",9,"Médio Baixo",104,"Médio Alto"
"121",1303502,"Pauini (AM)",26,"Médio Baixo",4,"Baixo",30,"Baixo"
"122",1303536,"Presidente Figueiredo (AM)",63,"Médio Alto",14,"Médio Baixo",77,"Médio Baixo"
"123",1303569,"Rio Preto da Eva (AM)",36,"Médio Baixo",11,"Médio Baixo",47,"Médio Baixo"
"124",1303601,"Santa Isabel do Rio Negro (AM)",0,0,0,0,0,0
"125",1303700,"Santo Antônio do Içá (AM)",5,"Muito Baixo",0,0,0,0
"126",1303809,"São Gabriel da Cachoeira (AM)",1,"Muito Baixo",0,0,0,0
"127",1303908,"São Paulo de Olivença (AM)",0,0,0,0,0,0
"128",1303957,"São Sebastião do Uatumã (AM)",27,"Médio Baixo",1,"Muito Baixo",28,"Baixo"
"129",1304005,"Silves (AM)",12,"Baixo",1,"Muito Baixo",13,"Muito Baixo"
"130",1304062,"Tabatinga (AM)",0,0,0,0,0,0
"131",1304104,"Tapauá (AM)",14,"Baixo",7,"Médio Baixo",21,"Baixo"
"132",1304203,"Tefé (AM)",14,"Baixo",1,"Muito Baixo",15,"Muito Baixo"
"133",1304237,"Tonantins (AM)",4,"Muito Baixo",0,0,0,0
"134",1304260,"Uarini (AM)",19,"Baixo",1,"Muito Baixo",20,"Baixo"
"135",1304302,"Urucará (AM)",42,"Médio Baixo",11,"Médio Baixo",53,"Médio Baixo"
"136",1304401,"Urucurituba (AM)",39,"Médio Baixo",2,"Muito Baixo",41,"Médio Baixo"
"137",1400027,"Amajari (RR)",124,"Alto",115,"Muito Alto",239,"Alto"
"138",1400050,"Alto Alegre (RR)",109,"Alto",75,"Alto",184,"Alto"
"139",1400100,"Boa Vista (RR)",57,"Médio Alto",37,"Médio Alto",94,"Médio Alto"
"140",1400159,"Bonfim (RR)",119,"Alto",91,"Muito Alto",210,"Alto"
"141",1400175,"Cantá (RR)",167,"Alto",51,"Alto",218,"Alto"
"142",1400209,"Caracaraí (RR)",87,"Médio Alto",29,"Médio Alto",116,"Médio Alto"
"143",1400233,"Caroebe (RR)",174,"Alto",14,"Médio Baixo",188,"Alto"
"144",1400282,"Iracema (RR)",87,"Médio Alto",16,"Médio Alto",103,"Médio Alto"
"145",1400308,"Mucajaí (RR)",149,"Alto",38,"Médio Alto",187,"Alto"
"146",1400407,"Normandia (RR)",21,"Baixo",3,"Baixo",24,"Baixo"
"147",1400456,"Pacaraima (RR)",25,"Médio Baixo",1,"Muito Baixo",26,"Baixo"
"148",1400472,"Rorainópolis (RR)",92,"Médio Alto",17,"Médio Alto",109,"Médio Alto"
"149",1400506,"São João da Baliza (RR)",84,"Médio Alto",12,"Médio Baixo",96,"Médio Alto"
"150",1400605,"São Luiz (RR)",70,"Médio Alto",10,"Médio Baixo",80,"Médio Baixo"
"151",1400704,"Uiramutã (RR)",18,"Baixo",0,0,0,0
"152",1500107,"Abaetetuba (PA)",18,"Baixo",6,"Médio Baixo",24,"Baixo"
"153",1500131,"Abel Figueiredo (PA)",24,"Médio Baixo",3,"Baixo",27,"Baixo"
"154",1500206,"Acará (PA)",43,"Médio Baixo",7,"Médio Baixo",50,"Médio Baixo"
"155",1500305,"Afuá (PA)",117,"Alto",13,"Médio Baixo",130,"Médio Alto"
"156",1500347,"Água Azul do Norte (PA)",321,"Muito Alto",70,"Alto",391,"Muito Alto"
"157",1500404,"Alenquer (PA)",205,"Muito Alto",31,"Médio Alto",236,"Alto"
"158",1500503,"Almeirim (PA)",199,"Muito Alto",15,"Médio Baixo",214,"Alto"
"159",1500602,"Altamira (PA)",581,"Muito Alto",398,"Muito Alto",979,"Muito Alto"
"160",1500701,"Anajás (PA)",29,"Médio Baixo",53,"Alto",82,"Médio Alto"
"161",1500800,"Ananindeua (PA)",0,0,0,0,0,0
"162",1500859,"Anapu (PA)",179,"Alto",56,"Alto",235,"Alto"
"163",1500909,"Augusto Corrêa (PA)",22,"Baixo",2,"Muito Baixo",24,"Baixo"
"164",1500958,"Aurora do Pará (PA)",69,"Médio Alto",17,"Médio Alto",86,"Médio Alto"
"165",1501006,"Aveiro (PA)",49,"Médio Baixo",3,"Baixo",52,"Médio Baixo"
"166",1501105,"Bagre (PA)",36,"Médio Baixo",6,"Médio Baixo",42,"Médio Baixo"
"167",1501204,"Baião (PA)",25,"Médio Baixo",7,"Médio Baixo",32,"Baixo"
"168",1501253,"Bannach (PA)",117,"Alto",65,"Alto",182,"Alto"
"169",1501303,"Barcarena (PA)",5,"Muito Baixo",1,"Muito Baixo",6,"Muito Baixo"
"170",1501402,"Belém (PA)",5,"Muito Baixo",0,0,0,0
"171",1501451,"Belterra (PA)",32,"Médio Baixo",10,"Médio Baixo",42,"Médio Baixo"
"172",1501501,"Benevides (PA)",2,"Muito Baixo",0,0,0,0
"173",1501576,"Bom Jesus do Tocantins (PA)",123,"Alto",28,"Médio Alto",151,"Médio Alto"
"174",1501600,"Bonito (PA)",11,"Baixo",3,"Baixo",14,"Muito Baixo"
"175",1501709,"Bragança (PA)",63,"Médio Alto",8,"Médio Baixo",71,"Médio Baixo"
"176",1501725,"Brasil Novo (PA)",326,"Muito Alto",64,"Alto",390,"Muito Alto"
"177",1501758,"Brejo Grande do Araguaia (PA)",63,"Médio Alto",24,"Médio Alto",87,"Médio Alto"
"178",1501782,"Breu Branco (PA)",171,"Alto",36,"Médio Alto",207,"Alto"
"179",1501808,"Breves (PA)",194,"Muito Alto",20,"Médio Alto",214,"Alto"
"180",1501907,"Bujaru (PA)",6,"Muito Baixo",2,"Muito Baixo",8,"Muito Baixo"
"181",1501956,"Cachoeira do Piriá (PA)",70,"Médio Alto",9,"Médio Baixo",79,"Médio Baixo"
"182",1502004,"Cachoeira do Arari (PA)",28,"Médio Baixo",18,"Médio Alto",46,"Médio Baixo"
"183",1502103,"Cametá (PA)",35,"Médio Baixo",4,"Baixo",39,"Médio Baixo"
"184",1502152,"Canaã dos Carajás (PA)",91,"Médio Alto",12,"Médio Baixo",103,"Médio Alto"
"185",1502202,"Capanema (PA)",15,"Baixo",1,"Muito Baixo",16,"Muito Baixo"
"186",1502301,"Capitão Poço (PA)",67,"Médio Alto",11,"Médio Baixo",78,"Médio Baixo"
"187",1502400,"Castanhal (PA)",33,"Médio Baixo",5,"Baixo",38,"Médio Baixo"
"188",1502509,"Chaves (PA)",171,"Alto",86,"Muito Alto",257,"Muito Alto"
"189",1502608,"Colares (PA)",3,"Muito Baixo",0,0,0,0
"190",1502707,"Conceição do Araguaia (PA)",212,"Muito Alto",46,"Alto",258,"Muito Alto"
"191",1502756,"Concórdia do Pará (PA)",11,"Baixo",2,"Muito Baixo",13,"Muito Baixo"
"192",1502764,"Cumaru do Norte (PA)",132,"Alto",74,"Alto",206,"Alto"
"193",1502772,"Curionópolis (PA)",52,"Médio Alto",33,"Médio Alto",85,"Médio Alto"
"194",1502806,"Curralinho (PA)",27,"Médio Baixo",5,"Baixo",32,"Baixo"
"195",1502855,"Curuá (PA)",28,"Médio Baixo",4,"Baixo",32,"Baixo"
"196",1502905,"Curuçá (PA)",2,"Muito Baixo",0,0,0,0
"197",1502939,"Dom Eliseu (PA)",147,"Alto",36,"Médio Alto",183,"Alto"
"198",1502954,"Eldorado do Carajás (PA)",135,"Alto",16,"Médio Alto",151,"Médio Alto"
"199",1503002,"Faro (PA)",9,"Muito Baixo",0,0,0,0
"200",1503044,"Floresta do Araguaia (PA)",128,"Alto",24,"Médio Alto",152,"Médio Alto"
"201",1503077,"Garrafão do Norte (PA)",57,"Médio Alto",7,"Médio Baixo",64,"Médio Baixo"
"202",1503093,"Goianésia do Pará (PA)",177,"Alto",65,"Alto",242,"Alto"
"203",1503101,"Gurupá (PA)",12,"Baixo",3,"Baixo",15,"Muito Baixo"
"204",1503200,"Igarapé-Açu (PA)",26,"Médio Baixo",12,"Médio Baixo",38,"Médio Baixo"
"205",1503309,"Igarapé-Miri (PA)",17,"Baixo",3,"Baixo",20,"Baixo"
"206",1503408,"Inhangapi (PA)",10,"Baixo",3,"Baixo",13,"Muito Baixo"
"207",1503457,"Ipixuna do Pará (PA)",61,"Médio Alto",30,"Médio Alto",91,"Médio Alto"
"208",1503507,"Irituia (PA)",32,"Médio Baixo",8,"Médio Baixo",40,"Médio Baixo"
"209",1503606,"Itaituba (PA)",283,"Muito Alto",55,"Alto",338,"Muito Alto"
"210",1503705,"Itupiranga (PA)",353,"Muito Alto",56,"Alto",409,"Muito Alto"
"211",1503754,"Jacareacanga (PA)",155,"Alto",34,"Médio Alto",189,"Alto"
"212",1503804,"Jacundá (PA)",108,"Alto",22,"Médio Alto",130,"Médio Alto"
"213",1503903,"Juruti (PA)",15,"Baixo",1,"Muito Baixo",16,"Muito Baixo"
"214",1504000,"Limoeiro do Ajuru (PA)",7,"Muito Baixo",3,"Baixo",10,"Muito Baixo"
"215",1504059,"Mãe do Rio (PA)",16,"Baixo",4,"Baixo",20,"Baixo"
"216",1504109,"Magalhães Barata (PA)",7,"Muito Baixo",1,"Muito Baixo",8,"Muito Baixo"
"217",1504208,"Marabá (PA)",395,"Muito Alto",117,"Muito Alto",512,"Muito Alto"
"218",1504307,"Maracanã (PA)",10,"Baixo",1,"Muito Baixo",11,"Muito Baixo"
"219",1504406,"Marapanim (PA)",5,"Muito Baixo",2,"Muito Baixo",7,"Muito Baixo"
"220",1504422,"Marituba (PA)",0,0,0,0,0,0
"221",1504455,"Medicilândia (PA)",241,"Muito Alto",35,"Médio Alto",276,"Muito Alto"
"222",1504505,"Melgaço (PA)",0,0,0,0,0,0
"223",1504604,"Mocajuba (PA)",7,"Muito Baixo",1,"Muito Baixo",8,"Muito Baixo"
"224",1504703,"Moju (PA)",129,"Alto",35,"Médio Alto",164,"Alto"
"225",1504752,"Mojuí dos Campos (PA)",73,"Médio Alto",19,"Médio Alto",92,"Médio Alto"
"226",1504802,"Monte Alegre (PA)",154,"Alto",7,"Médio Baixo",161,"Alto"
"227",1504901,"Muaná (PA)",27,"Médio Baixo",11,"Médio Baixo",38,"Médio Baixo"
"228",1504950,"Nova Esperança do Piriá (PA)",55,"Médio Alto",1,"Muito Baixo",56,"Médio Baixo"
"229",1504976,"Nova Ipixuna (PA)",89,"Médio Alto",10,"Médio Baixo",99,"Médio Alto"
"230",1505007,"Nova Timboteua (PA)",15,"Baixo",4,"Baixo",19,"Baixo"
"231",1505031,"Novo Progresso (PA)",416,"Muito Alto",229,"Muito Alto",645,"Muito Alto"
"232",1505064,"Novo Repartimento (PA)",627,"Muito Alto",107,"Muito Alto",734,"Muito Alto"
"233",1505106,"Óbidos (PA)",184,"Alto",22,"Médio Alto",206,"Alto"
"234",1505205,"Oeiras do Pará (PA)",13,"Baixo",1,"Muito Baixo",14,"Muito Baixo"
"235",1505304,"Oriximiná (PA)",113,"Alto",6,"Médio Baixo",119,"Médio Alto"
"236",1505403,"Ourém (PA)",24,"Médio Baixo",5,"Baixo",29,"Baixo"
"237",1505437,"Ourilândia do Norte (PA)",133,"Alto",48,"Alto",181,"Alto"
"238",1505486,"Pacajá (PA)",541,"Muito Alto",116,"Muito Alto",657,"Muito Alto"
"239",1505494,"Palestina do Pará (PA)",35,"Médio Baixo",10,"Médio Baixo",45,"Médio Baixo"
"240",1505502,"Paragominas (PA)",124,"Alto",155,"Muito Alto",279,"Muito Alto"
"241",1505536,"Parauapebas (PA)",76,"Médio Alto",11,"Médio Baixo",87,"Médio Alto"
"242",1505551,"Pau D'Arco (PA)",64,"Médio Alto",26,"Médio Alto",90,"Médio Alto"
"243",1505601,"Peixe-Boi (PA)",23,"Médio Baixo",5,"Baixo",28,"Baixo"
"244",1505635,"Piçarra (PA)",167,"Alto",46,"Alto",213,"Alto"
"245",1505650,"Placas (PA)",260,"Muito Alto",31,"Médio Alto",291,"Muito Alto"
"246",1505700,"Ponta de Pedras (PA)",20,"Baixo",2,"Muito Baixo",22,"Baixo"
"247",1505809,"Portel (PA)",38,"Médio Baixo",10,"Médio Baixo",48,"Médio Baixo"
"248",1505908,"Porto de Moz (PA)",203,"Muito Alto",38,"Médio Alto",241,"Alto"
"249",1506005,"Prainha (PA)",64,"Médio Alto",15,"Médio Baixo",79,"Médio Baixo"
"250",1506104,"Primavera (PA)",3,"Muito Baixo",0,0,0,0
"251",1506112,"Quatipuru (PA)",4,"Muito Baixo",0,0,0,0
"252",1506138,"Redenção (PA)",163,"Alto",32,"Médio Alto",195,"Alto"
"253",1506161,"Rio Maria (PA)",229,"Muito Alto",74,"Alto",303,"Muito Alto"
"254",1506187,"Rondon do Pará (PA)",248,"Muito Alto",68,"Alto",316,"Muito Alto"
"255",1506195,"Rurópolis (PA)",256,"Muito Alto",16,"Médio Alto",272,"Muito Alto"
"256",1506203,"Salinópolis (PA)",0,0,0,0,0,0
"257",1506302,"Salvaterra (PA)",8,"Muito Baixo",3,"Baixo",11,"Muito Baixo"
"258",1506351,"Santa Bárbara do Pará (PA)",0,0,0,0,0,0
"259",1506401,"Santa Cruz do Arari (PA)",17,"Baixo",6,"Médio Baixo",23,"Baixo"
"260",1506500,"Santa Izabel do Pará (PA)",23,"Médio Baixo",1,"Muito Baixo",24,"Baixo"
"261",1506559,"Santa Luzia do Pará (PA)",41,"Médio Baixo",16,"Médio Alto",57,"Médio Baixo"
"262",1506583,"Santa Maria das Barreiras (PA)",326,"Muito Alto",115,"Muito Alto",441,"Muito Alto"
"263",1506609,"Santa Maria do Pará (PA)",14,"Baixo",3,"Baixo",17,"Muito Baixo"
"264",1506708,"Santana do Araguaia (PA)",267,"Muito Alto",108,"Muito Alto",375,"Muito Alto"
"265",1506807,"Santarém (PA)",59,"Médio Alto",9,"Médio Baixo",68,"Médio Baixo"
"266",1506906,"Santarém Novo (PA)",8,"Muito Baixo",1,"Muito Baixo",9,"Muito Baixo"
"267",1507003,"Santo Antônio do Tauá (PA)",7,"Muito Baixo",1,"Muito Baixo",8,"Muito Baixo"
"268",1507102,"São Caetano de Odivelas (PA)",9,"Muito Baixo",2,"Muito Baixo",11,"Muito Baixo"
"269",1507151,"São Domingos do Araguaia (PA)",101,"Médio Alto",15,"Médio Baixo",116,"Médio Alto"
"270",1507201,"São Domingos do Capim (PA)",28,"Médio Baixo",4,"Baixo",32,"Baixo"
"271",1507300,"São Félix do Xingu (PA)",1153,"Muito Alto",421,"Muito Alto",1574,"Muito Alto"
"272",1507409,"São Francisco do Pará (PA)",18,"Baixo",9,"Médio Baixo",27,"Baixo"
"273",1507458,"São Geraldo do Araguaia (PA)",206,"Muito Alto",33,"Médio Alto",239,"Alto"
"274",1507466,"São João da Ponta (PA)",7,"Muito Baixo",0,0,0,0
"275",1507474,"São João de Pirabas (PA)",9,"Muito Baixo",0,0,0,0
"276",1507508,"São João do Araguaia (PA)",63,"Médio Alto",9,"Médio Baixo",72,"Médio Baixo"
"277",1507607,"São Miguel do Guamá (PA)",31,"Médio Baixo",8,"Médio Baixo",39,"Médio Baixo"
"278",1507706,"São Sebastião da Boa Vista (PA)",19,"Baixo",4,"Baixo",23,"Baixo"
"279",1507755,"Sapucaia (PA)",27,"Médio Baixo",29,"Médio Alto",56,"Médio Baixo"
"280",1507805,"Senador José Porfírio (PA)",109,"Alto",15,"Médio Baixo",124,"Médio Alto"
"281",1507904,"Soure (PA)",24,"Médio Baixo",41,"Alto",65,"Médio Baixo"
"282",1507953,"Tailândia (PA)",75,"Médio Alto",32,"Médio Alto",107,"Médio Alto"
"283",1507961,"Terra Alta (PA)",1,"Muito Baixo",0,0,0,0
"284",1507979,"Terra Santa (PA)",42,"Médio Baixo",1,"Muito Baixo",43,"Médio Baixo"
"285",1508001,"Tomé-Açu (PA)",73,"Médio Alto",37,"Médio Alto",110,"Médio Alto"
"286",1508035,"Tracuateua (PA)",20,"Baixo",3,"Baixo",23,"Baixo"
"287",1508050,"Trairão (PA)",161,"Alto",22,"Médio Alto",183,"Alto"
"288",1508084,"Tucumã (PA)",244,"Muito Alto",18,"Médio Alto",262,"Muito Alto"
"289",1508100,"Tucuruí (PA)",42,"Médio Baixo",15,"Médio Baixo",57,"Médio Baixo"
"290",1508126,"Ulianópolis (PA)",54,"Médio Alto",37,"Médio Alto",91,"Médio Alto"
"291",1508159,"Uruará (PA)",376,"Muito Alto",57,"Alto",433,"Muito Alto"
"292",1508209,"Vigia (PA)",8,"Muito Baixo",1,"Muito Baixo",9,"Muito Baixo"
"293",1508308,"Viseu (PA)",99,"Médio Alto",38,"Médio Alto",137,"Médio Alto"
"294",1508357,"Vitória do Xingu (PA)",138,"Alto",41,"Alto",179,"Alto"
"295",1508407,"Xinguara (PA)",119,"Alto",42,"Alto",161,"Alto"
"296",1600055,"Serra do Navio (AP)",0,0,0,0,0,0
"297",1600105,"Amapá (AP)",39,"Médio Baixo",8,"Médio Baixo",47,"Médio Baixo"
"298",1600154,"Pedra Branca do Amapari (AP)",12,"Baixo",0,0,0,0
"299",1600204,"Calçoene (AP)",10,"Baixo",38,"Médio Alto",48,"Médio Baixo"
"300",1600212,"Cutias (AP)",17,"Baixo",8,"Médio Baixo",25,"Baixo"
"301",1600238,"Ferreira Gomes (AP)",26,"Médio Baixo",5,"Baixo",31,"Baixo"
"302",1600253,"Itaubal (AP)",11,"Baixo",9,"Médio Baixo",20,"Baixo"
"303",1600279,"Laranjal do Jari (AP)",27,"Médio Baixo",2,"Muito Baixo",29,"Baixo"
"304",1600303,"Macapá (AP)",83,"Médio Alto",15,"Médio Baixo",98,"Médio Alto"
"305",1600402,"Mazagão (AP)",75,"Médio Alto",7,"Médio Baixo",82,"Médio Alto"
"306",1600501,"Oiapoque (AP)",25,"Médio Baixo",2,"Muito Baixo",27,"Baixo"
"307",1600535,"Porto Grande (AP)",20,"Baixo",2,"Muito Baixo",22,"Baixo"
"308",1600550,"Pracuúba (AP)",28,"Médio Baixo",11,"Médio Baixo",39,"Médio Baixo"
"309",1600600,"Santana (AP)",37,"Médio Baixo",4,"Baixo",41,"Médio Baixo"
"310",1600709,"Tartarugalzinho (AP)",66,"Médio Alto",27,"Médio Alto",93,"Médio Alto"
"311",1600808,"Vitória do Jari (AP)",40,"Médio Baixo",0,0,0,0
"312",1700251,"Abreulândia (TO)",84,"Médio Alto",43,"Alto",127,"Médio Alto"
"313",1700301,"Aguiarnópolis (TO)",21,"Baixo",1,"Muito Baixo",22,"Baixo"
"314",1700350,"Aliança do Tocantins (TO)",92,"Médio Alto",34,"Médio Alto",126,"Médio Alto"
"315",1700400,"Almas (TO)",81,"Médio Alto",40,"Alto",121,"Médio Alto"
"316",1700707,"Alvorada (TO)",76,"Médio Alto",28,"Médio Alto",104,"Médio Alto"
"317",1701002,"Ananás (TO)",34,"Médio Baixo",25,"Médio Alto",59,"Médio Baixo"
"318",1701051,"Angico (TO)",9,"Muito Baixo",6,"Médio Baixo",15,"Muito Baixo"
"319",1701101,"Aparecida do Rio Negro (TO)",41,"Médio Baixo",17,"Médio Alto",58,"Médio Baixo"
"320",1701309,"Aragominas (TO)",26,"Médio Baixo",13,"Médio Baixo",39,"Médio Baixo"
"321",1701903,"Araguacema (TO)",39,"Médio Baixo",29,"Médio Alto",68,"Médio Baixo"
"322",1702000,"Araguaçu (TO)",269,"Muito Alto",97,"Muito Alto",366,"Muito Alto"
"323",1702109,"Araguaína (TO)",162,"Alto",60,"Alto",222,"Alto"
"324",1702158,"Araguanã (TO)",14,"Baixo",18,"Médio Alto",32,"Baixo"
"325",1702208,"Araguatins (TO)",114,"Alto",21,"Médio Alto",135,"Médio Alto"
"326",1702307,"Arapoema (TO)",57,"Médio Alto",29,"Médio Alto",86,"Médio Alto"
"327",1702406,"Arraias (TO)",171,"Alto",68,"Alto",239,"Alto"
"328",1702554,"Augustinópolis (TO)",23,"Médio Baixo",1,"Muito Baixo",24,"Baixo"
"329",1702703,"Aurora do Tocantins (TO)",19,"Baixo",13,"Médio Baixo",32,"Baixo"
"330",1702901,"Axixá do Tocantins (TO)",9,"Muito Baixo",0,0,0,0
"331",1703008,"Babaçulândia (TO)",98,"Médio Alto",10,"Médio Baixo",108,"Médio Alto"
"332",1703057,"Bandeirantes do Tocantins (TO)",58,"Médio Alto",33,"Médio Alto",91,"Médio Alto"
"333",1703073,"Barra do Ouro (TO)",28,"Médio Baixo",11,"Médio Baixo",39,"Médio Baixo"
"334",1703107,"Barrolândia (TO)",47,"Médio Baixo",6,"Médio Baixo",53,"Médio Baixo"
"335",1703206,"Bernardo Sayão (TO)",43,"Médio Baixo",7,"Médio Baixo",50,"Médio Baixo"
"336",1703305,"Bom Jesus do Tocantins (TO)",56,"Médio Alto",15,"Médio Baixo",71,"Médio Baixo"
"337",1703602,"Brasilândia do Tocantins (TO)",22,"Baixo",7,"Médio Baixo",29,"Baixo"
"338",1703701,"Brejinho de Nazaré (TO)",45,"Médio Baixo",26,"Médio Alto",71,"Médio Baixo"
"339",1703800,"Buriti do Tocantins (TO)",17,"Baixo",3,"Baixo",20,"Baixo"
"340",1703826,"Cachoeirinha (TO)",10,"Baixo",2,"Muito Baixo",12,"Muito Baixo"
"341",1703842,"Campos Lindos (TO)",90,"Médio Alto",33,"Médio Alto",123,"Médio Alto"
"342",1703867,"Cariri do Tocantins (TO)",77,"Médio Alto",24,"Médio Alto",101,"Médio Alto"
"343",1703883,"Carmolândia (TO)",7,"Muito Baixo",9,"Médio Baixo",16,"Muito Baixo"
"344",1703891,"Carrasco Bonito (TO)",13,"Baixo",2,"Muito Baixo",15,"Muito Baixo"
"345",1703909,"Caseara (TO)",8,"Muito Baixo",25,"Médio Alto",33,"Baixo"
"346",1704105,"Centenário (TO)",54,"Médio Alto",23,"Médio Alto",77,"Médio Baixo"
"347",1704600,"Chapada de Areia (TO)",58,"Médio Alto",9,"Médio Baixo",67,"Médio Baixo"
"348",1705102,"Chapada da Natividade (TO)",55,"Médio Alto",14,"Médio Baixo",69,"Médio Baixo"
"349",1705508,"Colinas do Tocantins (TO)",75,"Médio Alto",15,"Médio Baixo",90,"Médio Alto"
"350",1705557,"Combinado (TO)",4,"Muito Baixo",1,"Muito Baixo",5,"Muito Baixo"
"351",1705607,"Conceição do Tocantins (TO)",95,"Médio Alto",25,"Médio Alto",120,"Médio Alto"
"352",1706001,"Couto Magalhães (TO)",72,"Médio Alto",24,"Médio Alto",96,"Médio Alto"
"353",1706100,"Cristalândia (TO)",97,"Médio Alto",34,"Médio Alto",131,"Médio Alto"
"354",1706258,"Crixás do Tocantins (TO)",33,"Médio Baixo",22,"Médio Alto",55,"Médio Baixo"
"355",1706506,"Darcinópolis (TO)",39,"Médio Baixo",18,"Médio Alto",57,"Médio Baixo"
"356",1707009,"Dianópolis (TO)",53,"Médio Alto",18,"Médio Alto",71,"Médio Baixo"
"357",1707108,"Divinópolis do Tocantins (TO)",119,"Alto",30,"Médio Alto",149,"Médio Alto"
"358",1707207,"Dois Irmãos do Tocantins (TO)",269,"Muito Alto",59,"Alto",328,"Muito Alto"
"359",1707306,"Dueré (TO)",168,"Alto",65,"Alto",233,"Alto"
"360",1707405,"Esperantina (TO)",11,"Baixo",2,"Muito Baixo",13,"Muito Baixo"
"361",1707553,"Fátima (TO)",44,"Médio Baixo",3,"Baixo",47,"Médio Baixo"
"362",1707652,"Figueirópolis (TO)",151,"Alto",35,"Médio Alto",186,"Alto"
"363",1707702,"Filadélfia (TO)",139,"Alto",15,"Médio Baixo",154,"Médio Alto"
"364",1708205,"Formoso do Araguaia (TO)",192,"Muito Alto",134,"Muito Alto",326,"Muito Alto"
"365",1708254,"Fortaleza do Tabocão (TO)",28,"Médio Baixo",8,"Médio Baixo",36,"Médio Baixo"
"366",1708304,"Goianorte (TO)",99,"Médio Alto",19,"Médio Alto",118,"Médio Alto"
"367",1709005,"Goiatins (TO)",139,"Alto",33,"Médio Alto",172,"Alto"
"368",1709302,"Guaraí (TO)",138,"Alto",18,"Médio Alto",156,"Alto"
"369",1709500,"Gurupi (TO)",157,"Alto",24,"Médio Alto",181,"Alto"
"370",1709807,"Ipueiras (TO)",22,"Baixo",12,"Médio Baixo",34,"Baixo"
"371",1710508,"Itacajá (TO)",103,"Médio Alto",20,"Médio Alto",123,"Médio Alto"
"372",1710706,"Itaguatins (TO)",26,"Médio Baixo",5,"Baixo",31,"Baixo"
"373",1710904,"Itapiratins (TO)",93,"Médio Alto",14,"Médio Baixo",107,"Médio Alto"
"374",1711100,"Itaporã do Tocantins (TO)",43,"Médio Baixo",18,"Médio Alto",61,"Médio Baixo"
"375",1711506,"Jaú do Tocantins (TO)",113,"Alto",34,"Médio Alto",147,"Médio Alto"
"376",1711803,"Juarina (TO)",26,"Médio Baixo",7,"Médio Baixo",33,"Baixo"
"377",1711902,"Lagoa da Confusão (TO)",91,"Médio Alto",46,"Alto",137,"Médio Alto"
"378",1711951,"Lagoa do Tocantins (TO)",30,"Médio Baixo",8,"Médio Baixo",38,"Médio Baixo"
"379",1712009,"Lajeado (TO)",9,"Muito Baixo",1,"Muito Baixo",10,"Muito Baixo"
"380",1712157,"Lavandeira (TO)",24,"Médio Baixo",6,"Médio Baixo",30,"Baixo"
"381",1712405,"Lizarda (TO)",160,"Alto",18,"Médio Alto",178,"Alto"
"382",1712454,"Luzinópolis (TO)",15,"Baixo",1,"Muito Baixo",16,"Muito Baixo"
"383",1712504,"Marianópolis do Tocantins (TO)",47,"Médio Baixo",43,"Alto",90,"Médio Alto"
"384",1712702,"Mateiros (TO)",24,"Médio Baixo",15,"Médio Baixo",39,"Médio Baixo"
"385",1712801,"Maurilândia do Tocantins (TO)",10,"Baixo",0,0,0,0
"386",1713205,"Miracema do Tocantins (TO)",134,"Alto",38,"Médio Alto",172,"Alto"
"387",1713304,"Miranorte (TO)",67,"Médio Alto",9,"Médio Baixo",76,"Médio Baixo"
"388",1713601,"Monte do Carmo (TO)",186,"Alto",43,"Alto",229,"Alto"
"389",1713700,"Monte Santo do Tocantins (TO)",71,"Médio Alto",19,"Médio Alto",90,"Médio Alto"
"390",1713809,"Palmeiras do Tocantins (TO)",39,"Médio Baixo",8,"Médio Baixo",47,"Médio Baixo"
"391",1713957,"Muricilândia (TO)",34,"Médio Baixo",14,"Médio Baixo",48,"Médio Baixo"
"392",1714203,"Natividade (TO)",96,"Médio Alto",37,"Médio Alto",133,"Médio Alto"
"393",1714302,"Nazaré (TO)",10,"Baixo",2,"Muito Baixo",12,"Muito Baixo"
"394",1714880,"Nova Olinda (TO)",73,"Médio Alto",13,"Médio Baixo",86,"Médio Alto"
"395",1715002,"Nova Rosalândia (TO)",51,"Médio Baixo",4,"Baixo",55,"Médio Baixo"
"396",1715101,"Novo Acordo (TO)",33,"Médio Baixo",24,"Médio Alto",57,"Médio Baixo"
"397",1715150,"Novo Alegre (TO)",12,"Baixo",2,"Muito Baixo",14,"Muito Baixo"
"398",1715259,"Novo Jardim (TO)",21,"Baixo",9,"Médio Baixo",30,"Baixo"
"399",1715507,"Oliveira de Fátima (TO)",21,"Baixo",2,"Muito Baixo",23,"Baixo"
"400",1715705,"Palmeirante (TO)",112,"Alto",26,"Médio Alto",138,"Médio Alto"
"401",1715754,"Palmeirópolis (TO)",107,"Alto",26,"Médio Alto",133,"Médio Alto"
"402",1716109,"Paraíso do Tocantins (TO)",121,"Alto",14,"Médio Baixo",135,"Médio Alto"
"403",1716208,"Paranã (TO)",238,"Muito Alto",126,"Muito Alto",364,"Muito Alto"
"404",1716307,"Pau D'Arco (TO)",36,"Médio Baixo",19,"Médio Alto",55,"Médio Baixo"
"405",1716505,"Pedro Afonso (TO)",58,"Médio Alto",15,"Médio Baixo",73,"Médio Baixo"
"406",1716604,"Peixe (TO)",153,"Alto",94,"Muito Alto",247,"Alto"
"407",1716653,"Pequizeiro (TO)",54,"Médio Alto",20,"Médio Alto",74,"Médio Baixo"
"408",1716703,"Colméia (TO)",81,"Médio Alto",8,"Médio Baixo",89,"Médio Alto"
"409",1717008,"Pindorama do Tocantins (TO)",119,"Alto",12,"Médio Baixo",131,"Médio Alto"
"410",1717206,"Piraquê (TO)",15,"Baixo",18,"Médio Alto",33,"Baixo"
"411",1717503,"Pium (TO)",113,"Alto",95,"Muito Alto",208,"Alto"
"412",1717800,"Ponte Alta do Bom Jesus (TO)",45,"Médio Baixo",11,"Médio Baixo",56,"Médio Baixo"
"413",1717909,"Ponte Alta do Tocantins (TO)",155,"Alto",34,"Médio Alto",189,"Alto"
"414",1718006,"Porto Alegre do Tocantins (TO)",12,"Baixo",4,"Baixo",16,"Muito Baixo"
"415",1718204,"Porto Nacional (TO)",191,"Muito Alto",48,"Alto",239,"Alto"
"416",1718303,"Praia Norte (TO)",8,"Muito Baixo",0,0,0,0
"417",1718402,"Presidente Kennedy (TO)",31,"Médio Baixo",9,"Médio Baixo",40,"Médio Baixo"
"418",1718451,"Pugmil (TO)",26,"Médio Baixo",10,"Médio Baixo",36,"Médio Baixo"
"419",1718501,"Recursolândia (TO)",84,"Médio Alto",15,"Médio Baixo",99,"Médio Alto"
"420",1718550,"Riachinho (TO)",12,"Baixo",7,"Médio Baixo",19,"Baixo"
"421",1718659,"Rio da Conceição (TO)",0,0,0,0,0,0
"422",1718709,"Rio dos Bois (TO)",31,"Médio Baixo",11,"Médio Baixo",42,"Médio Baixo"
"423",1718758,"Rio Sono (TO)",256,"Muito Alto",51,"Alto",307,"Muito Alto"
"424",1718808,"Sampaio (TO)",3,"Muito Baixo",3,"Baixo",6,"Muito Baixo"
"425",1718840,"Sandolândia (TO)",85,"Médio Alto",44,"Alto",129,"Médio Alto"
"426",1718865,"Santa Fé do Araguaia (TO)",20,"Baixo",42,"Alto",62,"Médio Baixo"
"427",1718881,"Santa Maria do Tocantins (TO)",102,"Médio Alto",15,"Médio Baixo",117,"Médio Alto"
"428",1718899,"Santa Rita do Tocantins (TO)",96,"Médio Alto",65,"Alto",161,"Alto"
"429",1718907,"Santa Rosa do Tocantins (TO)",50,"Médio Baixo",26,"Médio Alto",76,"Médio Baixo"
"430",1719004,"Santa Tereza do Tocantins (TO)",37,"Médio Baixo",3,"Baixo",40,"Médio Baixo"
"431",1720002,"Santa Terezinha do Tocantins (TO)",10,"Baixo",3,"Baixo",13,"Muito Baixo"
"432",1720101,"São Bento do Tocantins (TO)",30,"Médio Baixo",8,"Médio Baixo",38,"Médio Baixo"
"433",1720150,"São Félix do Tocantins (TO)",18,"Baixo",0,0,0,0
"434",1720200,"São Miguel do Tocantins (TO)",7,"Muito Baixo",5,"Baixo",12,"Muito Baixo"
"435",1720259,"São Salvador do Tocantins (TO)",44,"Médio Baixo",10,"Médio Baixo",54,"Médio Baixo"
"436",1720309,"São Sebastião do Tocantins (TO)",8,"Muito Baixo",2,"Muito Baixo",10,"Muito Baixo"
"437",1720499,"São Valério (TO)",87,"Médio Alto",37,"Médio Alto",124,"Médio Alto"
"438",1720655,"Silvanópolis (TO)",85,"Médio Alto",17,"Médio Alto",102,"Médio Alto"
"439",1720804,"Sítio Novo do Tocantins (TO)",17,"Baixo",1,"Muito Baixo",18,"Baixo"
"440",1720853,"Sucupira (TO)",43,"Médio Baixo",20,"Médio Alto",63,"Médio Baixo"
"441",1720903,"Taguatinga (TO)",88,"Médio Alto",23,"Médio Alto",111,"Médio Alto"
"442",1720937,"Taipas do Tocantins (TO)",27,"Médio Baixo",13,"Médio Baixo",40,"Médio Baixo"
"443",1720978,"Talismã (TO)",87,"Médio Alto",49,"Alto",136,"Médio Alto"
"444",1721000,"Palmas (TO)",50,"Médio Baixo",10,"Médio Baixo",60,"Médio Baixo"
"445",1721109,"Tocantínia (TO)",29,"Médio Baixo",6,"Médio Baixo",35,"Médio Baixo"
"446",1721208,"Tocantinópolis (TO)",26,"Médio Baixo",3,"Baixo",29,"Baixo"
"447",1721257,"Tupirama (TO)",29,"Médio Baixo",9,"Médio Baixo",38,"Médio Baixo"
"448",1721307,"Tupiratins (TO)",18,"Baixo",9,"Médio Baixo",27,"Baixo"
"449",1722081,"Wanderlândia (TO)",44,"Médio Baixo",20,"Médio Alto",64,"Médio Baixo"
"450",1722107,"Xambioá (TO)",34,"Médio Baixo",22,"Médio Alto",56,"Médio Baixo"
"451",2100055,"Açailândia (MA)",214,"Muito Alto",83,"Muito Alto",297,"Muito Alto"
"452",2100204,"Alcântara (MA)",2,"Muito Baixo",0,0,0,0
"453",2100402,"Altamira do Maranhão (MA)",26,"Médio Baixo",8,"Médio Baixo",34,"Baixo"
"454",2100436,"Alto Alegre do Maranhão (MA)",7,"Muito Baixo",4,"Baixo",11,"Muito Baixo"
"455",2100477,"Alto Alegre do Pindaré (MA)",81,"Médio Alto",6,"Médio Baixo",87,"Médio Alto"
"456",2100501,"Alto Parnaíba (MA)",103,"Médio Alto",32,"Médio Alto",135,"Médio Alto"
"457",2100550,"Amapá do Maranhão (MA)",15,"Baixo",2,"Muito Baixo",17,"Muito Baixo"
"458",2100600,"Amarante do Maranhão (MA)",185,"Alto",22,"Médio Alto",207,"Alto"
"459",2100709,"Anajatuba (MA)",8,"Muito Baixo",0,0,0,0
"460",2100832,"Apicum-Açu (MA)",0,0,0,0,0,0
"461",2100873,"Araguanã (MA)",40,"Médio Baixo",3,"Baixo",43,"Médio Baixo"
"462",2100956,"Arame (MA)",103,"Médio Alto",11,"Médio Baixo",114,"Médio Alto"
"463",2101004,"Arari (MA)",41,"Médio Baixo",4,"Baixo",45,"Médio Baixo"
"464",2101103,"Axixá (MA)",0,0,0,0,0,0
"465",2101202,"Bacabal (MA)",115,"Alto",23,"Médio Alto",138,"Médio Alto"
"466",2101251,"Bacabeira (MA)",6,"Muito Baixo",1,"Muito Baixo",7,"Muito Baixo"
"467",2101301,"Bacuri (MA)",2,"Muito Baixo",0,0,0,0
"468",2101350,"Bacurituba (MA)",1,"Muito Baixo",0,0,0,0
"469",2101400,"Balsas (MA)",184,"Alto",98,"Muito Alto",282,"Muito Alto"
"470",2101608,"Barra do Corda (MA)",140,"Alto",24,"Médio Alto",164,"Alto"
"471",2101772,"Bela Vista do Maranhão (MA)",7,"Muito Baixo",1,"Muito Baixo",8,"Muito Baixo"
"472",2101806,"Benedito Leite (MA)",39,"Médio Baixo",15,"Médio Baixo",54,"Médio Baixo"
"473",2101905,"Bequimão (MA)",4,"Muito Baixo",1,"Muito Baixo",5,"Muito Baixo"
"474",2101939,"Bernardo do Mearim (MA)",6,"Muito Baixo",1,"Muito Baixo",7,"Muito Baixo"
"475",2101970,"Boa Vista do Gurupi (MA)",6,"Muito Baixo",3,"Baixo",9,"Muito Baixo"
"476",2102002,"Bom Jardim (MA)",104,"Médio Alto",29,"Médio Alto",133,"Médio Alto"
"477",2102036,"Bom Jesus das Selvas (MA)",55,"Médio Alto",17,"Médio Alto",72,"Médio Baixo"
"478",2102077,"Bom Lugar (MA)",34,"Médio Baixo",4,"Baixo",38,"Médio Baixo"
"479",2102150,"Brejo de Areia (MA)",54,"Médio Alto",3,"Baixo",57,"Médio Baixo"
"480",2102309,"Buriti Bravo (MA)",33,"Médio Baixo",4,"Baixo",37,"Médio Baixo"
"481",2102325,"Buriticupu (MA)",43,"Médio Baixo",11,"Médio Baixo",54,"Médio Baixo"
"482",2102358,"Buritirana (MA)",61,"Médio Alto",7,"Médio Baixo",68,"Médio Baixo"
"483",2102374,"Cachoeira Grande (MA)",2,"Muito Baixo",0,0,0,0
"484",2102408,"Cajapió (MA)",5,"Muito Baixo",2,"Muito Baixo",7,"Muito Baixo"
"485",2102507,"Cajari (MA)",24,"Médio Baixo",2,"Muito Baixo",26,"Baixo"
"486",2102556,"Campestre do Maranhão (MA)",26,"Médio Baixo",7,"Médio Baixo",33,"Baixo"
"487",2102606,"Cândido Mendes (MA)",4,"Muito Baixo",3,"Baixo",7,"Muito Baixo"
"488",2102705,"Cantanhede (MA)",10,"Baixo",4,"Baixo",14,"Muito Baixo"
"489",2102754,"Capinzal do Norte (MA)",16,"Baixo",3,"Baixo",19,"Baixo"
"490",2102804,"Carolina (MA)",195,"Muito Alto",44,"Alto",239,"Alto"
"491",2102903,"Carutapera (MA)",26,"Médio Baixo",2,"Muito Baixo",28,"Baixo"
"492",2103109,"Cedral (MA)",2,"Muito Baixo",0,0,0,0
"493",2103125,"Central do Maranhão (MA)",0,0,0,0,0,0
"494",2103158,"Centro do Guilherme (MA)",23,"Médio Baixo",3,"Baixo",26,"Baixo"
"495",2103174,"Centro Novo do Maranhão (MA)",35,"Médio Baixo",12,"Médio Baixo",47,"Médio Baixo"
"496",2103257,"Cidelândia (MA)",74,"Médio Alto",21,"Médio Alto",95,"Médio Alto"
"497",2103307,"Codó (MA)",99,"Médio Alto",18,"Médio Alto",117,"Médio Alto"
"498",2103505,"Colinas (MA)",27,"Médio Baixo",6,"Médio Baixo",33,"Baixo"
"499",2103554,"Conceição do Lago-Açu (MA)",19,"Baixo",1,"Muito Baixo",20,"Baixo"
"500",2103604,"Coroatá (MA)",61,"Médio Alto",9,"Médio Baixo",70,"Médio Baixo"
"501",2103703,"Cururupu (MA)",0,0,0,0,0,0
"502",2103752,"Davinópolis (MA)",18,"Baixo",5,"Baixo",23,"Baixo"
"503",2103802,"Dom Pedro (MA)",30,"Médio Baixo",2,"Muito Baixo",32,"Baixo"
"504",2104008,"Esperantinópolis (MA)",22,"Baixo",0,0,0,0
"505",2104057,"Estreito (MA)",130,"Alto",22,"Médio Alto",152,"Médio Alto"
"506",2104073,"Feira Nova do Maranhão (MA)",96,"Médio Alto",8,"Médio Baixo",104,"Médio Alto"
"507",2104081,"Fernando Falcão (MA)",49,"Médio Baixo",6,"Médio Baixo",55,"Médio Baixo"
"508",2104099,"Formosa da Serra Negra (MA)",149,"Alto",13,"Médio Baixo",162,"Alto"
"509",2104107,"Fortaleza dos Nogueiras (MA)",95,"Médio Alto",14,"Médio Baixo",109,"Médio Alto"
"510",2104206,"Fortuna (MA)",14,"Baixo",1,"Muito Baixo",15,"Muito Baixo"
"511",2104305,"Godofredo Viana (MA)",8,"Muito Baixo",1,"Muito Baixo",9,"Muito Baixo"
"512",2104404,"Gonçalves Dias (MA)",27,"Médio Baixo",4,"Baixo",31,"Baixo"
"513",2104503,"Governador Archer (MA)",13,"Baixo",3,"Baixo",16,"Muito Baixo"
"514",2104552,"Governador Edison Lobão (MA)",37,"Médio Baixo",7,"Médio Baixo",44,"Médio Baixo"
"515",2104602,"Governador Eugênio Barros (MA)",26,"Médio Baixo",9,"Médio Baixo",35,"Médio Baixo"
"516",2104628,"Governador Luiz Rocha (MA)",11,"Baixo",1,"Muito Baixo",12,"Muito Baixo"
"517",2104651,"Governador Newton Bello (MA)",53,"Médio Alto",8,"Médio Baixo",61,"Médio Baixo"
"518",2104677,"Governador Nunes Freire (MA)",50,"Médio Baixo",1,"Muito Baixo",51,"Médio Baixo"
"519",2104701,"Graça Aranha (MA)",15,"Baixo",0,0,0,0
"520",2104800,"Grajaú (MA)",239,"Muito Alto",57,"Alto",296,"Muito Alto"
"521",2104909,"Guimarães (MA)",0,0,0,0,0,0
"522",2105104,"Icatu (MA)",2,"Muito Baixo",3,"Baixo",5,"Muito Baixo"
"523",2105153,"Igarapé do Meio (MA)",8,"Muito Baixo",8,"Médio Baixo",16,"Muito Baixo"
"524",2105203,"Igarapé Grande (MA)",14,"Baixo",5,"Baixo",19,"Baixo"
"525",2105302,"Imperatriz (MA)",49,"Médio Baixo",17,"Médio Alto",66,"Médio Baixo"
"526",2105351,"Itaipava do Grajaú (MA)",51,"Médio Baixo",1,"Muito Baixo",52,"Médio Baixo"
"527",2105401,"Itapecuru Mirim (MA)",21,"Baixo",4,"Baixo",25,"Baixo"
"528",2105427,"Itinga do Maranhão (MA)",65,"Médio Alto",42,"Alto",107,"Médio Alto"
"529",2105450,"Jatobá (MA)",11,"Baixo",1,"Muito Baixo",12,"Muito Baixo"
"530",2105476,"Jenipapo dos Vieiras (MA)",46,"Médio Baixo",6,"Médio Baixo",52,"Médio Baixo"
"531",2105500,"João Lisboa (MA)",73,"Médio Alto",13,"Médio Baixo",86,"Médio Alto"
"532",2105609,"Joselândia (MA)",14,"Baixo",0,0,0,0
"533",2105658,"Junco do Maranhão (MA)",37,"Médio Baixo",2,"Muito Baixo",39,"Médio Baixo"
"534",2105708,"Lago da Pedra (MA)",78,"Médio Alto",7,"Médio Baixo",85,"Médio Alto"
"535",2105807,"Lago do Junco (MA)",13,"Baixo",2,"Muito Baixo",15,"Muito Baixo"
"536",2105906,"Lago Verde (MA)",30,"Médio Baixo",5,"Baixo",35,"Médio Baixo"
"537",2105948,"Lago dos Rodrigues (MA)",12,"Baixo",0,0,0,0
"538",2105963,"Lagoa Grande do Maranhão (MA)",39,"Médio Baixo",2,"Muito Baixo",41,"Médio Baixo"
"539",2105989,"Lajeado Novo (MA)",53,"Médio Alto",4,"Baixo",57,"Médio Baixo"
"540",2106003,"Lima Campos (MA)",4,"Muito Baixo",0,0,0,0
"541",2106102,"Loreto (MA)",76,"Médio Alto",39,"Alto",115,"Médio Alto"
"542",2106201,"Luís Domingues (MA)",20,"Baixo",2,"Muito Baixo",22,"Baixo"
"543",2106326,"Maracaçumé (MA)",23,"Médio Baixo",4,"Baixo",27,"Baixo"
"544",2106359,"Marajá do Sena (MA)",62,"Médio Alto",6,"Médio Baixo",68,"Médio Baixo"
"545",2106375,"Maranhãozinho (MA)",45,"Médio Baixo",6,"Médio Baixo",51,"Médio Baixo"
"546",2106508,"Matinha (MA)",4,"Muito Baixo",1,"Muito Baixo",5,"Muito Baixo"
"547",2106631,"Matões do Norte (MA)",29,"Médio Baixo",8,"Médio Baixo",37,"Médio Baixo"
"548",2106706,"Mirador (MA)",106,"Médio Alto",20,"Médio Alto",126,"Médio Alto"
"549",2106755,"Miranda do Norte (MA)",19,"Baixo",1,"Muito Baixo",20,"Baixo"
"550",2106805,"Mirinzal (MA)",1,"Muito Baixo",0,0,0,0
"551",2106904,"Monção (MA)",23,"Médio Baixo",4,"Baixo",27,"Baixo"
"552",2107001,"Montes Altos (MA)",36,"Médio Baixo",3,"Baixo",39,"Médio Baixo"
"553",2107100,"Morros (MA)",0,0,0,0,0,0
"554",2107258,"Nova Colinas (MA)",44,"Médio Baixo",2,"Muito Baixo",46,"Médio Baixo"
"555",2107308,"Nova Iorque (MA)",17,"Baixo",5,"Baixo",22,"Baixo"
"556",2107357,"Nova Olinda do Maranhão (MA)",25,"Médio Baixo",7,"Médio Baixo",32,"Baixo"
"557",2107407,"Olho d'Água das Cunhãs (MA)",33,"Médio Baixo",12,"Médio Baixo",45,"Médio Baixo"
"558",2107456,"Olinda Nova do Maranhão (MA)",1,"Muito Baixo",0,0,0,0
"559",2107506,"Paço do Lumiar (MA)",0,0,0,0,0,0
"560",2107605,"Palmeirândia (MA)",2,"Muito Baixo",1,"Muito Baixo",3,"Muito Baixo"
"561",2107704,"Paraibano (MA)",25,"Médio Baixo",3,"Baixo",28,"Baixo"
"562",2108009,"Pastos Bons (MA)",69,"Médio Alto",8,"Médio Baixo",77,"Médio Baixo"
"563",2108108,"Paulo Ramos (MA)",84,"Médio Alto",13,"Médio Baixo",97,"Médio Alto"
"564",2108207,"Pedreiras (MA)",9,"Muito Baixo",0,0,0,0
"565",2108256,"Pedro do Rosário (MA)",72,"Médio Alto",4,"Baixo",76,"Médio Baixo"
"566",2108306,"Penalva (MA)",22,"Baixo",1,"Muito Baixo",23,"Baixo"
"567",2108405,"Peri Mirim (MA)",4,"Muito Baixo",0,0,0,0
"568",2108454,"Peritoró (MA)",15,"Baixo",9,"Médio Baixo",24,"Baixo"
"569",2108504,"Pindaré-Mirim (MA)",14,"Baixo",3,"Baixo",17,"Muito Baixo"
"570",2108603,"Pinheiro (MA)",15,"Baixo",1,"Muito Baixo",16,"Muito Baixo"
"571",2108702,"Pio XII (MA)",23,"Médio Baixo",2,"Muito Baixo",25,"Baixo"
"572",2108801,"Pirapemas (MA)",14,"Baixo",0,0,0,0
"573",2108900,"Poção de Pedras (MA)",63,"Médio Alto",3,"Baixo",66,"Médio Baixo"
"574",2109007,"Porto Franco (MA)",108,"Alto",14,"Médio Baixo",122,"Médio Alto"
"575",2109056,"Porto Rico do Maranhão (MA)",0,0,0,0,0,0
"576",2109106,"Presidente Dutra (MA)",53,"Médio Alto",3,"Baixo",56,"Médio Baixo"
"577",2109205,"Presidente Juscelino (MA)",0,0,0,0,0,0
"578",2109239,"Presidente Médici (MA)",25,"Médio Baixo",1,"Muito Baixo",26,"Baixo"
"579",2109270,"Presidente Sarney (MA)",13,"Baixo",0,0,0,0
"580",2109304,"Presidente Vargas (MA)",1,"Muito Baixo",0,0,0,0
"581",2109452,"Raposa (MA)",0,0,0,0,0,0
"582",2109502,"Riachão (MA)",192,"Muito Alto",59,"Alto",251,"Alto"
"583",2109551,"Ribamar Fiquene (MA)",42,"Médio Baixo",10,"Médio Baixo",52,"Médio Baixo"
"584",2109601,"Rosário (MA)",0,0,0,0,0,0
"585",2109700,"Sambaíba (MA)",55,"Médio Alto",26,"Médio Alto",81,"Médio Baixo"
"586",2109759,"Santa Filomena do Maranhão (MA)",19,"Baixo",7,"Médio Baixo",26,"Baixo"
"587",2109809,"Santa Helena (MA)",18,"Baixo",2,"Muito Baixo",20,"Baixo"
"588",2109908,"Santa Inês (MA)",20,"Baixo",12,"Médio Baixo",32,"Baixo"
"589",2110005,"Santa Luzia (MA)",126,"Alto",37,"Médio Alto",163,"Alto"
"590",2110039,"Santa Luzia do Paruá (MA)",40,"Médio Baixo",10,"Médio Baixo",50,"Médio Baixo"
"591",2110203,"Santa Rita (MA)",20,"Baixo",1,"Muito Baixo",21,"Baixo"
"592",2110302,"Santo Antônio dos Lopes (MA)",28,"Médio Baixo",8,"Médio Baixo",36,"Médio Baixo"
"593",2110500,"São Bento (MA)",4,"Muito Baixo",0,0,0,0
"594",2110658,"São Domingos do Azeitão (MA)",35,"Médio Baixo",11,"Médio Baixo",46,"Médio Baixo"
"595",2110708,"São Domingos do Maranhão (MA)",50,"Médio Baixo",6,"Médio Baixo",56,"Médio Baixo"
"596",2110807,"São Félix de Balsas (MA)",70,"Médio Alto",12,"Médio Baixo",82,"Médio Alto"
"597",2110856,"São Francisco do Brejão (MA)",55,"Médio Alto",13,"Médio Baixo",68,"Médio Baixo"
"598",2111003,"São João Batista (MA)",1,"Muito Baixo",0,0,0,0
"599",2111029,"São João do Carú (MA)",15,"Baixo",1,"Muito Baixo",16,"Muito Baixo"
"600",2111052,"São João do Paraíso (MA)",134,"Alto",17,"Médio Alto",151,"Médio Alto"
"601",2111078,"São João do Soter (MA)",14,"Baixo",4,"Baixo",18,"Baixo"
"602",2111201,"São José de Ribamar (MA)",0,0,0,0,0,0
"603",2111250,"São José dos Basílios (MA)",22,"Baixo",1,"Muito Baixo",23,"Baixo"
"604",2111300,"São Luís (MA)",1,"Muito Baixo",0,0,0,0
"605",2111409,"São Luís Gonzaga do Maranhão (MA)",37,"Médio Baixo",9,"Médio Baixo",46,"Médio Baixo"
"606",2111508,"São Mateus do Maranhão (MA)",31,"Médio Baixo",4,"Baixo",35,"Médio Baixo"
"607",2111532,"São Pedro da Água Branca (MA)",30,"Médio Baixo",5,"Baixo",35,"Médio Baixo"
"608",2111573,"São Pedro dos Crentes (MA)",70,"Médio Alto",5,"Baixo",75,"Médio Baixo"
"609",2111607,"São Raimundo das Mangabeiras (MA)",58,"Médio Alto",18,"Médio Alto",76,"Médio Baixo"
"610",2111631,"São Raimundo do Doca Bezerra (MA)",32,"Médio Baixo",1,"Muito Baixo",33,"Baixo"
"611",2111672,"São Roberto (MA)",11,"Baixo",1,"Muito Baixo",12,"Muito Baixo"
"612",2111706,"São Vicente Ferrer (MA)",2,"Muito Baixo",0,0,0,0
"613",2111722,"Satubinha (MA)",16,"Baixo",3,"Baixo",19,"Baixo"
"614",2111748,"Senador Alexandre Costa (MA)",16,"Baixo",3,"Baixo",19,"Baixo"
"615",2111763,"Senador La Rocque (MA)",48,"Médio Baixo",7,"Médio Baixo",55,"Médio Baixo"
"616",2111789,"Serrano do Maranhão (MA)",3,"Muito Baixo",0,0,0,0
"617",2111805,"Sítio Novo (MA)",156,"Alto",13,"Médio Baixo",169,"Alto"
"618",2111904,"Sucupira do Norte (MA)",39,"Médio Baixo",7,"Médio Baixo",46,"Médio Baixo"
"619",2112001,"Tasso Fragoso (MA)",71,"Médio Alto",33,"Médio Alto",104,"Médio Alto"
"620",2112100,"Timbiras (MA)",30,"Médio Baixo",4,"Baixo",34,"Baixo"
"621",2112233,"Trizidela do Vale (MA)",11,"Baixo",1,"Muito Baixo",12,"Muito Baixo"
"622",2112274,"Tufilândia (MA)",6,"Muito Baixo",5,"Baixo",11,"Muito Baixo"
"623",2112308,"Tuntum (MA)",125,"Alto",25,"Médio Alto",150,"Médio Alto"
"624",2112407,"Turiaçu (MA)",5,"Muito Baixo",0,0,0,0
"625",2112456,"Turilândia (MA)",17,"Baixo",4,"Baixo",21,"Baixo"
"626",2112704,"Vargem Grande (MA)",17,"Baixo",3,"Baixo",20,"Baixo"
"627",2112803,"Viana (MA)",30,"Médio Baixo",3,"Baixo",33,"Baixo"
"628",2112852,"Vila Nova dos Martírios (MA)",85,"Médio Alto",17,"Médio Alto",102,"Médio Alto"
"629",2112902,"Vitória do Mearim (MA)",29,"Médio Baixo",2,"Muito Baixo",31,"Baixo"
"630",2113009,"Vitorino Freire (MA)",64,"Médio Alto",14,"Médio Baixo",78,"Médio Baixo"
"631",2114007,"Zé Doca (MA)",85,"Médio Alto",3,"Baixo",88,"Médio Alto"
"632",5100102,"Acorizal (MT)",39,"Médio Baixo",13,"Médio Baixo",52,"Médio Baixo"
"633",5100201,"Água Boa (MT)",170,"Alto",126,"Muito Alto",296,"Muito Alto"
"634",5100250,"Alta Floresta (MT)",264,"Muito Alto",116,"Muito Alto",380,"Muito Alto"
"635",5100300,"Alto Araguaia (MT)",194,"Muito Alto",122,"Muito Alto",316,"Muito Alto"
"636",5100359,"Alto Boa Vista (MT)",21,"Baixo",4,"Baixo",25,"Baixo"
"637",5100409,"Alto Garças (MT)",82,"Médio Alto",73,"Alto",155,"Alto"
"638",5100508,"Alto Paraguai (MT)",52,"Médio Alto",26,"Médio Alto",78,"Médio Baixo"
"639",5100607,"Alto Taquari (MT)",28,"Médio Baixo",34,"Médio Alto",62,"Médio Baixo"
"640",5100805,"Apiacás (MT)",134,"Alto",80,"Muito Alto",214,"Alto"
"641",5101001,"Araguaiana (MT)",59,"Médio Alto",95,"Muito Alto",154,"Médio Alto"
"642",5101209,"Araguainha (MT)",23,"Médio Baixo",15,"Médio Baixo",38,"Médio Baixo"
"643",5101258,"Araputanga (MT)",40,"Médio Baixo",31,"Médio Alto",71,"Médio Baixo"
"644",5101308,"Arenápolis (MT)",26,"Médio Baixo",5,"Baixo",31,"Baixo"
"645",5101407,"Aripuanã (MT)",356,"Muito Alto",145,"Muito Alto",501,"Muito Alto"
"646",5101605,"Barão de Melgaço (MT)",43,"Médio Baixo",40,"Alto",83,"Médio Alto"
"647",5101704,"Barra do Bugres (MT)",88,"Médio Alto",77,"Alto",165,"Alto"
"648",5101803,"Barra do Garças (MT)",197,"Muito Alto",122,"Muito Alto",319,"Muito Alto"
"649",5101852,"Bom Jesus do Araguaia (MT)",65,"Médio Alto",28,"Médio Alto",93,"Médio Alto"
"650",5101902,"Brasnorte (MT)",116,"Alto",132,"Muito Alto",248,"Alto"
"651",5102504,"Cáceres (MT)",325,"Muito Alto",198,"Muito Alto",523,"Muito Alto"
"652",5102603,"Campinápolis (MT)",83,"Médio Alto",61,"Alto",144,"Médio Alto"
"653",5102637,"Campo Novo do Parecis (MT)",20,"Baixo",107,"Muito Alto",127,"Médio Alto"
"654",5102678,"Campo Verde (MT)",67,"Médio Alto",83,"Muito Alto",150,"Médio Alto"
"655",5102686,"Campos de Júlio (MT)",14,"Baixo",72,"Alto",86,"Médio Alto"
"656",5102694,"Canabrava do Norte (MT)",94,"Médio Alto",28,"Médio Alto",122,"Médio Alto"
"657",5102702,"Canarana (MT)",142,"Alto",150,"Muito Alto",292,"Muito Alto"
"658",5102793,"Carlinda (MT)",105,"Médio Alto",40,"Alto",145,"Médio Alto"
"659",5102850,"Castanheira (MT)",153,"Alto",73,"Alto",226,"Alto"
"660",5103007,"Chapada dos Guimarães (MT)",156,"Alto",79,"Muito Alto",235,"Alto"
"661",5103056,"Cláudia (MT)",73,"Médio Alto",48,"Alto",121,"Médio Alto"
"662",5103106,"Cocalinho (MT)",69,"Médio Alto",159,"Muito Alto",228,"Alto"
"663",5103205,"Colíder (MT)",174,"Alto",56,"Alto",230,"Alto"
"664",5103254,"Colniza (MT)",237,"Muito Alto",84,"Muito Alto",321,"Muito Alto"
"665",5103304,"Comodoro (MT)",85,"Médio Alto",82,"Muito Alto",167,"Alto"
"666",5103353,"Confresa (MT)",202,"Muito Alto",35,"Médio Alto",237,"Alto"
"667",5103361,"Conquista D'Oeste (MT)",21,"Baixo",11,"Médio Baixo",32,"Baixo"
"668",5103379,"Cotriguaçu (MT)",164,"Alto",52,"Alto",216,"Alto"
"669",5103403,"Cuiabá (MT)",96,"Médio Alto",30,"Médio Alto",126,"Médio Alto"
"670",5103437,"Curvelândia (MT)",26,"Médio Baixo",4,"Baixo",30,"Baixo"
"671",5103452,"Denise (MT)",61,"Médio Alto",17,"Médio Alto",78,"Médio Baixo"
"672",5103502,"Diamantino (MT)",82,"Médio Alto",138,"Muito Alto",220,"Alto"
"673",5103601,"Dom Aquino (MT)",81,"Médio Alto",47,"Alto",128,"Médio Alto"
"674",5103700,"Feliz Natal (MT)",47,"Médio Baixo",76,"Alto",123,"Médio Alto"
"675",5103809,"Figueirópolis D'Oeste (MT)",67,"Médio Alto",12,"Médio Baixo",79,"Médio Baixo"
"676",5103858,"Gaúcha do Norte (MT)",115,"Alto",125,"Muito Alto",240,"Alto"
"677",5103908,"General Carneiro (MT)",66,"Médio Alto",67,"Alto",133,"Médio Alto"
"678",5103957,"Glória D'Oeste (MT)",84,"Médio Alto",14,"Médio Baixo",98,"Médio Alto"
"679",5104104,"Guarantã do Norte (MT)",258,"Muito Alto",72,"Alto",330,"Muito Alto"
"680",5104203,"Guiratinga (MT)",152,"Alto",79,"Muito Alto",231,"Alto"
"681",5104500,"Indiavaí (MT)",22,"Baixo",12,"Médio Baixo",34,"Baixo"
"682",5104526,"Ipiranga do Norte (MT)",58,"Médio Alto",66,"Alto",124,"Médio Alto"
"683",5104542,"Itanhangá (MT)",31,"Médio Baixo",48,"Alto",79,"Médio Baixo"
"684",5104559,"Itaúba (MT)",32,"Médio Baixo",73,"Alto",105,"Médio Alto"
"685",5104609,"Itiquira (MT)",96,"Médio Alto",138,"Muito Alto",234,"Alto"
"686",5104807,"Jaciara (MT)",61,"Médio Alto",34,"Médio Alto",95,"Médio Alto"
"687",5104906,"Jangada (MT)",27,"Médio Baixo",17,"Médio Alto",44,"Médio Baixo"
"688",5105002,"Jauru (MT)",46,"Médio Baixo",22,"Médio Alto",68,"Médio Baixo"
"689",5105101,"Juara (MT)",290,"Muito Alto",248,"Muito Alto",538,"Muito Alto"
"690",5105150,"Juína (MT)",301,"Muito Alto",126,"Muito Alto",427,"Muito Alto"
"691",5105176,"Juruena (MT)",87,"Médio Alto",36,"Médio Alto",123,"Médio Alto"
"692",5105200,"Juscimeira (MT)",71,"Médio Alto",34,"Médio Alto",105,"Médio Alto"
"693",5105234,"Lambari D'Oeste (MT)",62,"Médio Alto",41,"Alto",103,"Médio Alto"
"694",5105259,"Lucas do Rio Verde (MT)",125,"Alto",79,"Muito Alto",204,"Alto"
"695",5105309,"Luciara (MT)",31,"Médio Baixo",31,"Médio Alto",62,"Médio Baixo"
"696",5105507,"Vila Bela da Santíssima Trindade (MT)",213,"Muito Alto",159,"Muito Alto",372,"Muito Alto"
"697",5105580,"Marcelândia (MT)",142,"Alto",111,"Muito Alto",253,"Alto"
"698",5105606,"Matupá (MT)",80,"Médio Alto",47,"Alto",127,"Médio Alto"
"699",5105622,"Mirassol d'Oeste (MT)",70,"Médio Alto",11,"Médio Baixo",81,"Médio Baixo"
"700",5105903,"Nobres (MT)",60,"Médio Alto",55,"Alto",115,"Médio Alto"
"701",5106000,"Nortelândia (MT)",48,"Médio Baixo",13,"Médio Baixo",61,"Médio Baixo"
"702",5106109,"Nossa Senhora do Livramento (MT)",191,"Muito Alto",73,"Alto",264,"Muito Alto"
"703",5106158,"Nova Bandeirantes (MT)",187,"Muito Alto",68,"Alto",255,"Alto"
"704",5106174,"Nova Nazaré (MT)",30,"Médio Baixo",29,"Médio Alto",59,"Médio Baixo"
"705",5106182,"Nova Lacerda (MT)",69,"Médio Alto",51,"Alto",120,"Médio Alto"
"706",5106190,"Nova Santa Helena (MT)",54,"Médio Alto",37,"Médio Alto",91,"Médio Alto"
"707",5106208,"Nova Brasilândia (MT)",46,"Médio Baixo",61,"Alto",107,"Médio Alto"
"708",5106216,"Nova Canaã do Norte (MT)",196,"Muito Alto",85,"Muito Alto",281,"Muito Alto"
"709",5106224,"Nova Mutum (MT)",142,"Alto",153,"Muito Alto",295,"Muito Alto"
"710",5106232,"Nova Olímpia (MT)",27,"Médio Baixo",31,"Médio Alto",58,"Médio Baixo"
"711",5106240,"Nova Ubiratã (MT)",55,"Médio Alto",127,"Muito Alto",182,"Alto"
"712",5106257,"Nova Xavantina (MT)",196,"Muito Alto",78,"Muito Alto",274,"Muito Alto"
"713",5106265,"Novo Mundo (MT)",195,"Muito Alto",80,"Muito Alto",275,"Muito Alto"
"714",5106273,"Novo Horizonte do Norte (MT)",41,"Médio Baixo",13,"Médio Baixo",54,"Médio Baixo"
"715",5106281,"Novo São Joaquim (MT)",100,"Médio Alto",90,"Muito Alto",190,"Alto"
"716",5106299,"Paranaíta (MT)",224,"Muito Alto",67,"Alto",291,"Muito Alto"
"717",5106307,"Paranatinga (MT)",279,"Muito Alto",227,"Muito Alto",506,"Muito Alto"
"718",5106315,"Novo Santo Antônio (MT)",76,"Médio Alto",26,"Médio Alto",102,"Médio Alto"
"719",5106372,"Pedra Preta (MT)",113,"Alto",72,"Alto",185,"Alto"
"720",5106422,"Peixoto de Azevedo (MT)",96,"Médio Alto",62,"Alto",158,"Alto"
"721",5106455,"Planalto da Serra (MT)",41,"Médio Baixo",37,"Médio Alto",78,"Médio Baixo"
"722",5106505,"Poconé (MT)",209,"Muito Alto",142,"Muito Alto",351,"Muito Alto"
"723",5106653,"Pontal do Araguaia (MT)",117,"Alto",57,"Alto",174,"Alto"
"724",5106703,"Ponte Branca (MT)",41,"Médio Baixo",16,"Médio Alto",57,"Médio Baixo"
"725",5106752,"Pontes e Lacerda (MT)",181,"Alto",113,"Muito Alto",294,"Muito Alto"
"726",5106778,"Porto Alegre do Norte (MT)",119,"Alto",25,"Médio Alto",144,"Médio Alto"
"727",5106802,"Porto dos Gaúchos (MT)",67,"Médio Alto",82,"Muito Alto",149,"Médio Alto"
"728",5106828,"Porto Esperidião (MT)",201,"Muito Alto",121,"Muito Alto",322,"Muito Alto"
"729",5106851,"Porto Estrela (MT)",52,"Médio Alto",30,"Médio Alto",82,"Médio Alto"
"730",5107008,"Poxoréu (MT)",250,"Muito Alto",130,"Muito Alto",380,"Muito Alto"
"731",5107040,"Primavera do Leste (MT)",92,"Médio Alto",137,"Muito Alto",229,"Alto"
"732",5107065,"Querência (MT)",75,"Médio Alto",77,"Alto",152,"Médio Alto"
"733",5107107,"São José dos Quatro Marcos (MT)",93,"Médio Alto",16,"Médio Alto",109,"Médio Alto"
"734",5107156,"Reserva do Cabaçal (MT)",40,"Médio Baixo",20,"Médio Alto",60,"Médio Baixo"
"735",5107180,"Ribeirão Cascalheira (MT)",173,"Alto",99,"Muito Alto",272,"Muito Alto"
"736",5107198,"Ribeirãozinho (MT)",39,"Médio Baixo",12,"Médio Baixo",51,"Médio Baixo"
"737",5107206,"Rio Branco (MT)",36,"Médio Baixo",8,"Médio Baixo",44,"Médio Baixo"
"738",5107248,"Santa Carmem (MT)",39,"Médio Baixo",64,"Alto",103,"Médio Alto"
"739",5107263,"Santo Afonso (MT)",48,"Médio Baixo",20,"Médio Alto",68,"Médio Baixo"
"740",5107297,"São José do Povo (MT)",21,"Baixo",10,"Médio Baixo",31,"Baixo"
"741",5107305,"São José do Rio Claro (MT)",74,"Médio Alto",55,"Alto",129,"Médio Alto"
"742",5107354,"São José do Xingu (MT)",37,"Médio Baixo",97,"Muito Alto",134,"Médio Alto"
"743",5107404,"São Pedro da Cipa (MT)",14,"Baixo",11,"Médio Baixo",25,"Baixo"
"744",5107578,"Rondolândia (MT)",68,"Médio Alto",49,"Alto",117,"Médio Alto"
"745",5107602,"Rondonópolis (MT)",170,"Alto",63,"Alto",233,"Alto"
"746",5107701,"Rosário Oeste (MT)",147,"Alto",123,"Muito Alto",270,"Muito Alto"
"747",5107743,"Santa Cruz do Xingu (MT)",44,"Médio Baixo",45,"Alto",89,"Médio Alto"
"748",5107750,"Salto do Céu (MT)",67,"Médio Alto",34,"Médio Alto",101,"Médio Alto"
"749",5107768,"Santa Rita do Trivelato (MT)",21,"Baixo",65,"Alto",86,"Médio Alto"
"750",5107776,"Santa Terezinha (MT)",98,"Médio Alto",39,"Alto",137,"Médio Alto"
"751",5107792,"Santo Antônio do Leste (MT)",26,"Médio Baixo",53,"Alto",79,"Médio Baixo"
"752",5107800,"Santo Antônio do Leverger (MT)",198,"Muito Alto",147,"Muito Alto",345,"Muito Alto"
"753",5107859,"São Félix do Araguaia (MT)",135,"Alto",84,"Muito Alto",219,"Alto"
"754",5107875,"Sapezal (MT)",21,"Baixo",75,"Alto",96,"Médio Alto"
"755",5107883,"Serra Nova Dourada (MT)",79,"Médio Alto",18,"Médio Alto",97,"Médio Alto"
"756",5107909,"Sinop (MT)",113,"Alto",72,"Alto",185,"Alto"
"757",5107925,"Sorriso (MT)",157,"Alto",235,"Muito Alto",392,"Muito Alto"
"758",5107941,"Tabaporã (MT)",92,"Médio Alto",83,"Muito Alto",175,"Alto"
"759",5107958,"Tangará da Serra (MT)",96,"Médio Alto",58,"Alto",154,"Médio Alto"
"760",5108006,"Tapurah (MT)",68,"Médio Alto",72,"Alto",140,"Médio Alto"
"761",5108055,"Terra Nova do Norte (MT)",180,"Alto",44,"Alto",224,"Alto"
"762",5108105,"Tesouro (MT)",69,"Médio Alto",79,"Muito Alto",148,"Médio Alto"
"763",5108204,"Torixoréu (MT)",174,"Alto",56,"Alto",230,"Alto"
"764",5108303,"União do Sul (MT)",38,"Médio Baixo",44,"Alto",82,"Médio Alto"
"765",5108352,"Vale de São Domingos (MT)",38,"Médio Baixo",9,"Médio Baixo",47,"Médio Baixo"
"766",5108402,"Várzea Grande (MT)",22,"Baixo",9,"Médio Baixo",31,"Baixo"
"767",5108501,"Vera (MT)",44,"Médio Baixo",75,"Alto",119,"Médio Alto"
"768",5108600,"Vila Rica (MT)",238,"Muito Alto",102,"Muito Alto",340,"Muito Alto"
"769",5108808,"Nova Guarita (MT)",87,"Médio Alto",9,"Médio Baixo",96,"Médio Alto"
"770",5108857,"Nova Marilândia (MT)",56,"Médio Alto",24,"Médio Alto",80,"Médio Baixo"
"771",5108907,"Nova Maringá (MT)",34,"Médio Baixo",97,"Muito Alto",131,"Médio Alto"
"772",5108956,"Nova Monte Verde (MT)",103,"Médio Alto",69,"Alto",172,"Alto"
"773",2103000,"Caxias (MA)",79,"Médio Alto",22,"Médio Alto",101,"Médio Alto"
