"","cod_muni","muni","royalties_cfh_energia_eletrica","class_royalties_cfh","royalties_cfem_mineracao","class_royalties_cfem_mineracao"
"1",1100189,"Pimenta Bueno (RO)",856196.28,"Médio Alto",292026.64,"Alto"
"2",1100205,"Porto Velho (RO)",61831180.32,"Muito Alto",855422.47,"Muito Alto"
"3",1100403,"Alto Paraíso (RO)",48380.67,"Baixo",2584.03,"Médio Baixo"
"4",1100809,"Candeias do Jamari (RO)",868928.17,"Médio Alto",88657.96,"Médio Alto"
"5",1100940,"Cujubim (RO)",4155.77,"Muito Baixo",50898.8,"Médio Alto"
"6",1101104,"Itapuã do Oeste (RO)",472296.89,"Médio Baixo",176246.81,"Alto"
"7",1303536,"Presidente Figueiredo (AM)",1742504.36,"Médio Alto",5689371.06,"Muito Alto"
"8",1304302,"Urucará (AM)",7745.28,"Muito Baixo",4606.17,"Médio Baixo"
"9",1500503,"Almeirim (PA)",1337628.8,"Médio Alto",8301.45,"Médio Baixo"
"10",1500602,"Altamira (PA)",13064921.62,"Muito Alto",48296.68,"Médio Alto"
"11",1501725,"Brasil Novo (PA)",6122.85,"Muito Baixo",52,"Muito Baixo"
"12",1501782,"Breu Branco (PA)",3827708.02,"Alto",2375.76,"Médio Baixo"
"13",1503093,"Goianésia do Pará (PA)",8771944.65,"Muito Alto",0,0
"14",1503705,"Itupiranga (PA)",2487777.36,"Alto",0,0
"15",1503754,"Jacareacanga (PA)",2659140.03,"Alto",12425.45,"Médio Baixo"
"16",1503804,"Jacundá (PA)",5500413.05,"Alto",1105.64,"Baixo"
"17",1504208,"Marabá (PA)",699757.64,"Médio Alto",59696105,"Muito Alto"
"18",1504752,"Mojuí dos Campos (PA)",390454.63,"Médio Baixo",0,0
"19",1504976,"Nova Ipixuna (PA)",2006121.82,"Alto",10977.4,"Médio Baixo"
"20",1505064,"Novo Repartimento (PA)",23148053.49,"Muito Alto",0,0
"21",1506807,"Santarém (PA)",36386.42,"Baixo",30044.98,"Médio Alto"
"22",1508100,"Tucuruí (PA)",9983551.66,"Muito Alto",2990.23,"Médio Baixo"
"23",1508357,"Vitória do Xingu (PA)",12636914.16,"Muito Alto",49.82,"Muito Baixo"
"24",1600238,"Ferreira Gomes (AP)",3899853.71,"Alto",46879.53,"Médio Alto"
"25",1600279,"Laranjal do Jari (AP)",1573030.84,"Médio Alto",2385.5,"Médio Baixo"
"26",1600535,"Porto Grande (AP)",733441.45,"Médio Alto",68595.47,"Médio Alto"
"27",1703008,"Babaçulândia (TO)",856942.23,"Médio Alto",16922.08,"Médio Baixo"
"28",1703073,"Barra do Ouro (TO)",432407.84,"Médio Baixo",0,0
"29",1703701,"Brejinho de Nazaré (TO)",271704.63,"Médio Baixo",0,0
"30",1706506,"Darcinópolis (TO)",353311.1,"Médio Baixo",0,0
"31",1707009,"Dianópolis (TO)",142885.15,"Baixo",26673.26,"Médio Alto"
"32",1707702,"Filadélfia (TO)",1035679.26,"Médio Alto",5771.31,"Médio Baixo"
"33",1709005,"Goiatins (TO)",135749.65,"Baixo",0,0
"34",1709807,"Ipueiras (TO)",145916.17,"Baixo",0,0
"35",1710904,"Itapiratins (TO)",137921.63,"Baixo",0,0
"36",1712009,"Lajeado (TO)",177706.38,"Médio Baixo",0,0
"37",1713205,"Miracema do Tocantins (TO)",443451.48,"Médio Baixo",3684.75,"Médio Baixo"
"38",1713601,"Monte do Carmo (TO)",6147.33,"Muito Baixo",0,0
"39",1713809,"Palmeiras do Tocantins (TO)",253580.36,"Médio Baixo",0,0
"40",1715259,"Novo Jardim (TO)",32458.68,"Baixo",8573.54,"Médio Baixo"
"41",1715705,"Palmeirante (TO)",230321.87,"Médio Baixo",17508.65,"Médio Alto"
"42",1715754,"Palmeirópolis (TO)",355885.94,"Médio Baixo",59126.69,"Médio Alto"
"43",1716208,"Paranã (TO)",1657889.02,"Médio Alto",0,0
"44",1716604,"Peixe (TO)",170264.75,"Médio Baixo",56355.55,"Médio Alto"
"45",1717909,"Ponte Alta do Tocantins (TO)",12192.23,"Muito Baixo",0,0
"46",1718204,"Porto Nacional (TO)",2084596.17,"Alto",4557.2,"Médio Baixo"
"47",1720259,"São Salvador do Tocantins (TO)",779779.34,"Médio Alto",0,0
"48",1721000,"Palmas (TO)",1068478.5,"Médio Alto",108382.81,"Alto"
"49",1721307,"Tupiratins (TO)",8054.46,"Muito Baixo",2175.53,"Baixo"
"50",2101806,"Benedito Leite (MA)",131117.64,"Baixo",0,0
"51",2102804,"Carolina (MA)",1868186.58,"Alto",0,0
"52",2104057,"Estreito (MA)",442091.34,"Médio Baixo",876.03,"Baixo"
"53",2107308,"Nova Iorque (MA)",662186.19,"Médio Alto",912.41,"Baixo"
"54",5100250,"Alta Floresta (MT)",129491.25,"Baixo",108011,"Alto"
"55",5101258,"Araputanga (MT)",28083.51,"Baixo",0,0
"56",5101407,"Aripuanã (MT)",2595122.18,"Alto",1538.97,"Baixo"
"57",5101704,"Barra do Bugres (MT)",808602.24,"Médio Alto",168581.42,"Alto"
"58",5103007,"Chapada dos Guimarães (MT)",1198346.89,"Médio Alto",351240.5,"Alto"
"59",5104500,"Indiavaí (MT)",607383.14,"Médio Baixo",0,0
"60",5104609,"Itiquira (MT)",2996139.19,"Alto",916.55,"Baixo"
"61",5105002,"Jauru (MT)",684217.62,"Médio Alto",0,0
"62",5105101,"Juara (MT)",27890.41,"Muito Baixo",7305.2,"Médio Baixo"
"63",5106208,"Nova Brasilândia (MT)",201701.14,"Médio Baixo",0,0
"64",5106299,"Paranaíta (MT)",12993621.78,"Muito Alto",90806.15,"Alto"
"65",5106752,"Pontes e Lacerda (MT)",507915.29,"Médio Baixo",750890.88,"Muito Alto"
"66",5107958,"Tangará da Serra (MT)",256256.17,"Médio Baixo",423173.53,"Alto"
"67",5108352,"Vale de São Domingos (MT)",507915.29,"Médio Baixo",0,0
"68",1100023,"Ariquemes (RO)",0,0,2059499.89,"Muito Alto"
"69",1100031,"Cabixi (RO)",0,0,3313.43,"Médio Baixo"
"70",1100049,"Cacoal (RO)",0,0,46165.37,"Médio Alto"
"71",1100064,"Colorado do Oeste (RO)",0,0,6682.56,"Médio Baixo"
"72",1100080,"Costa Marques (RO)",0,0,1742.38,"Baixo"
"73",1100098,"Espigão D'Oeste (RO)",0,0,426326.27,"Muito Alto"
"74",1100106,"Guajará-Mirim (RO)",0,0,6555.54,"Médio Baixo"
"75",1100114,"Jaru (RO)",0,0,12466.34,"Médio Baixo"
"76",1100122,"Ji-Paraná (RO)",0,0,27420.15,"Médio Alto"
"77",1100130,"Machadinho D'Oeste (RO)",0,0,28122.89,"Médio Alto"
"78",1100148,"Nova Brasilândia D'Oeste (RO)",0,0,94431.02,"Alto"
"79",1100155,"Ouro Preto do Oeste (RO)",0,0,49799.44,"Médio Alto"
"80",1100254,"Presidente Médici (RO)",0,0,17220.8,"Médio Baixo"
"81",1100262,"Rio Crespo (RO)",0,0,115455.73,"Alto"
"82",1100288,"Rolim de Moura (RO)",0,0,3182.8,"Médio Baixo"
"83",1100296,"Santa Luzia D'Oeste (RO)",0,0,11261.54,"Médio Baixo"
"84",1100304,"Vilhena (RO)",0,0,18658.59,"Médio Alto"
"85",1100338,"Nova Mamoré (RO)",0,0,3449.72,"Médio Baixo"
"86",1100452,"Buritis (RO)",0,0,871.95,"Baixo"
"87",1100700,"Campo Novo de Rondônia (RO)",0,0,973889.48,"Muito Alto"
"88",1101203,"Ministro Andreazza (RO)",0,0,48074.9,"Médio Alto"
"89",1101450,"Parecis (RO)",0,0,163600.86,"Alto"
"90",1101468,"Pimenteiras do Oeste (RO)",0,0,1140.73,"Baixo"
"91",1101500,"Seringueiras (RO)",0,0,1057.26,"Baixo"
"92",1101559,"Teixeirópolis (RO)",0,0,2161.96,"Baixo"
"93",1101807,"Vale do Paraíso (RO)",0,0,1450.27,"Baixo"
"94",1200104,"Brasiléia (AC)",0,0,2553.07,"Médio Baixo"
"95",1200203,"Cruzeiro do Sul (AC)",0,0,8895.96,"Médio Baixo"
"96",1200336,"Mâncio Lima (AC)",0,0,1072.99,"Baixo"
"97",1200401,"Rio Branco (AC)",0,0,24091.22,"Médio Alto"
"98",1200450,"Senador Guiomard (AC)",0,0,33770.79,"Médio Alto"
"99",1200500,"Sena Madureira (AC)",0,0,584.72,"Muito Baixo"
"100",1300409,"Barcelos (AM)",0,0,36653.54,"Médio Alto"
"101",1300805,"Borba (AM)",0,0,111236.32,"Alto"
"102",1301001,"Carauari (AM)",0,0,27.82,"Muito Baixo"
"103",1301159,"Careiro da Várzea (AM)",0,0,944.55,"Baixo"
"104",1301209,"Coari (AM)",0,0,1432.16,"Baixo"
"105",1301407,"Eirunepé (AM)",0,0,948.98,"Baixo"
"106",1301704,"Humaitá (AM)",0,0,200.41,"Muito Baixo"
"107",1301852,"Iranduba (AM)",0,0,22579.19,"Médio Alto"
"108",1301902,"Itacoatiara (AM)",0,0,3448.11,"Médio Baixo"
"109",1302306,"Jutaí (AM)",0,0,7214.34,"Médio Baixo"
"110",1302405,"Lábrea (AM)",0,0,90165.24,"Alto"
"111",1302504,"Manacapuru (AM)",0,0,7005.38,"Médio Baixo"
"112",1302603,"Manaus (AM)",0,0,584848.23,"Muito Alto"
"113",1303205,"Novo Airão (AM)",0,0,1604.75,"Baixo"
"114",1303304,"Novo Aripuanã (AM)",0,0,5364.93,"Médio Baixo"
"115",1303403,"Parintins (AM)",0,0,3411.91,"Médio Baixo"
"116",1304005,"Silves (AM)",0,0,146.97,"Muito Baixo"
"117",1304062,"Tabatinga (AM)",0,0,733.27,"Baixo"
"118",1400100,"Boa Vista (RR)",0,0,149164.84,"Alto"
"119",1400175,"Cantá (RR)",0,0,10064.68,"Médio Baixo"
"120",1400209,"Caracaraí (RR)",0,0,2214.17,"Baixo"
"121",1400308,"Mucajaí (RR)",0,0,665.8,"Muito Baixo"
"122",1400472,"Rorainópolis (RR)",0,0,738.02,"Baixo"
"123",1500107,"Abaetetuba (PA)",0,0,3850.71,"Médio Baixo"
"124",1500206,"Acará (PA)",0,0,1138.92,"Baixo"
"125",1500800,"Ananindeua (PA)",0,0,32471.83,"Médio Alto"
"126",1500909,"Augusto Corrêa (PA)",0,0,13223.55,"Médio Baixo"
"127",1500958,"Aurora do Pará (PA)",0,0,23525.16,"Médio Alto"
"128",1501006,"Aveiro (PA)",0,0,2106.02,"Baixo"
"129",1501303,"Barcarena (PA)",0,0,638.5,"Muito Baixo"
"130",1501402,"Belém (PA)",0,0,110144.13,"Alto"
"131",1501501,"Benevides (PA)",0,0,72815.3,"Médio Alto"
"132",1501600,"Bonito (PA)",0,0,364750.51,"Alto"
"133",1502152,"Canaã dos Carajás (PA)",0,0,40256143.19,"Muito Alto"
"134",1502202,"Capanema (PA)",0,0,27458.96,"Médio Alto"
"135",1502301,"Capitão Poço (PA)",0,0,23753.19,"Médio Alto"
"136",1502400,"Castanhal (PA)",0,0,36563.55,"Médio Alto"
"137",1502764,"Cumaru do Norte (PA)",0,0,58895.64,"Médio Alto"
"138",1502772,"Curionópolis (PA)",0,0,8958364.11,"Muito Alto"
"139",1502954,"Eldorado do Carajás (PA)",0,0,53283.37,"Médio Alto"
"140",1503200,"Igarapé-Açu (PA)",0,0,1956.32,"Baixo"
"141",1503408,"Inhangapi (PA)",0,0,16208.52,"Médio Baixo"
"142",1503457,"Ipixuna do Pará (PA)",0,0,7405667.22,"Muito Alto"
"143",1503507,"Irituia (PA)",0,0,4571.24,"Médio Baixo"
"144",1503606,"Itaituba (PA)",0,0,2586612.6,"Muito Alto"
"145",1503903,"Juruti (PA)",0,0,7886326.83,"Muito Alto"
"146",1504059,"Mãe do Rio (PA)",0,0,3779.74,"Médio Baixo"
"147",1504422,"Marituba (PA)",0,0,324.59,"Muito Baixo"
"148",1504703,"Moju (PA)",0,0,3946.26,"Médio Baixo"
"149",1504802,"Monte Alegre (PA)",0,0,8950.58,"Médio Baixo"
"150",1505007,"Nova Timboteua (PA)",0,0,3707.05,"Médio Baixo"
"151",1505031,"Novo Progresso (PA)",0,0,5069.27,"Médio Baixo"
"152",1505304,"Oriximiná (PA)",0,0,13963332.68,"Muito Alto"
"153",1505403,"Ourém (PA)",0,0,54960.78,"Médio Alto"
"154",1505502,"Paragominas (PA)",0,0,20860570.35,"Muito Alto"
"155",1505536,"Parauapebas (PA)",0,0,248428467.4,"Muito Alto"
"156",1506104,"Primavera (PA)",0,0,259489.02,"Alto"
"157",1506138,"Redenção (PA)",0,0,28379.57,"Médio Alto"
"158",1506161,"Rio Maria (PA)",0,0,4353.47,"Médio Baixo"
"159",1506195,"Rurópolis (PA)",0,0,75965.88,"Médio Alto"
"160",1506351,"Santa Bárbara do Pará (PA)",0,0,5671.96,"Médio Baixo"
"161",1506500,"Santa Izabel do Pará (PA)",0,0,70302.53,"Médio Alto"
"162",1506583,"Santa Maria das Barreiras (PA)",0,0,39462.56,"Médio Alto"
"163",1506708,"Santana do Araguaia (PA)",0,0,47372.92,"Médio Alto"
"164",1507003,"Santo Antônio do Tauá (PA)",0,0,15598.51,"Médio Baixo"
"165",1507300,"São Félix do Xingu (PA)",0,0,1133322.1,"Muito Alto"
"166",1507458,"São Geraldo do Araguaia (PA)",0,0,37498.75,"Médio Alto"
"167",1507508,"São João do Araguaia (PA)",0,0,18124.11,"Médio Alto"
"168",1507607,"São Miguel do Guamá (PA)",0,0,37960.77,"Médio Alto"
"169",1507979,"Terra Santa (PA)",0,0,8180764.85,"Muito Alto"
"170",1508050,"Trairão (PA)",0,0,9942.77,"Médio Baixo"
"171",1508159,"Uruará (PA)",0,0,1580.15,"Baixo"
"172",1508209,"Vigia (PA)",0,0,92247.33,"Alto"
"173",1600154,"Pedra Branca do Amapari (AP)",0,0,3177305.64,"Muito Alto"
"174",1600204,"Calçoene (AP)",0,0,58954.89,"Médio Alto"
"175",1600303,"Macapá (AP)",0,0,47053.98,"Médio Alto"
"176",1600402,"Mazagão (AP)",0,0,78934.63,"Médio Alto"
"177",1600501,"Oiapoque (AP)",0,0,23459.27,"Médio Alto"
"178",1600600,"Santana (AP)",0,0,2603.91,"Médio Baixo"
"179",1600808,"Vitória do Jari (AP)",0,0,1892584.41,"Muito Alto"
"180",1700301,"Aguiarnópolis (TO)",0,0,5318.05,"Médio Baixo"
"181",1701101,"Aparecida do Rio Negro (TO)",0,0,22057.96,"Médio Alto"
"182",1702109,"Araguaína (TO)",0,0,64645.48,"Médio Alto"
"183",1702208,"Araguatins (TO)",0,0,22945.16,"Médio Alto"
"184",1702406,"Arraias (TO)",0,0,492640.75,"Muito Alto"
"185",1703057,"Bandeirantes do Tocantins (TO)",0,0,862609.28,"Muito Alto"
"186",1705102,"Chapada da Natividade (TO)",0,0,493.43,"Muito Baixo"
"187",1706100,"Cristalândia (TO)",0,0,1502.75,"Baixo"
"188",1708205,"Formoso do Araguaia (TO)",0,0,223934.54,"Alto"
"189",1709302,"Guaraí (TO)",0,0,27617.13,"Médio Alto"
"190",1709500,"Gurupi (TO)",0,0,700.16,"Baixo"
"191",1710706,"Itaguatins (TO)",0,0,177.86,"Muito Baixo"
"192",1711506,"Jaú do Tocantins (TO)",0,0,11.7,"Muito Baixo"
"193",1711902,"Lagoa da Confusão (TO)",0,0,119517.33,"Alto"
"194",1713957,"Muricilândia (TO)",0,0,105.32,"Muito Baixo"
"195",1714203,"Natividade (TO)",0,0,188632.03,"Alto"
"196",1716307,"Pau D'Arco (TO)",0,0,109.44,"Muito Baixo"
"197",1718451,"Pugmil (TO)",0,0,40933.86,"Médio Alto"
"198",1720200,"São Miguel do Tocantins (TO)",0,0,3185.63,"Médio Baixo"
"199",1720903,"Taguatinga (TO)",0,0,261309.02,"Alto"
"200",1720937,"Taipas do Tocantins (TO)",0,0,14961.55,"Médio Baixo"
"201",1721109,"Tocantínia (TO)",0,0,133.46,"Muito Baixo"
"202",1721208,"Tocantinópolis (TO)",0,0,1827.3,"Baixo"
"203",1721257,"Tupirama (TO)",0,0,3075.03,"Médio Baixo"
"204",1722107,"Xambioá (TO)",0,0,644527.43,"Muito Alto"
"205",2100709,"Anajatuba (MA)",0,0,348.87,"Muito Baixo"
"206",2101202,"Bacabal (MA)",0,0,1019.34,"Baixo"
"207",2101251,"Bacabeira (MA)",0,0,803960.47,"Muito Alto"
"208",2101400,"Balsas (MA)",0,0,31105.3,"Médio Alto"
"209",2101608,"Barra do Corda (MA)",0,0,5399.59,"Médio Baixo"
"210",2101772,"Bela Vista do Maranhão (MA)",0,0,313.52,"Muito Baixo"
"211",2103000,"Caxias (MA)",0,0,152326.42,"Alto"
"212",2103307,"Codó (MA)",0,0,2561.17,"Médio Baixo"
"213",2103752,"Davinópolis (MA)",0,0,711.39,"Baixo"
"214",2104305,"Godofredo Viana (MA)",0,0,17268.9,"Médio Alto"
"215",2104552,"Governador Edison Lobão (MA)",0,0,67340.79,"Médio Alto"
"216",2104677,"Governador Nunes Freire (MA)",0,0,39.06,"Muito Baixo"
"217",2104800,"Grajaú (MA)",0,0,119818.19,"Alto"
"218",2105302,"Imperatriz (MA)",0,0,6560.72,"Médio Baixo"
"219",2105401,"Itapecuru Mirim (MA)",0,0,12285.52,"Médio Baixo"
"220",2105427,"Itinga do Maranhão (MA)",0,0,1559.22,"Baixo"
"221",2106326,"Maracaçumé (MA)",0,0,631.33,"Muito Baixo"
"222",2106508,"Matinha (MA)",0,0,127.25,"Muito Baixo"
"223",2106904,"Monção (MA)",0,0,1717.63,"Baixo"
"224",2107506,"Paço do Lumiar (MA)",0,0,113376.43,"Alto"
"225",2108009,"Pastos Bons (MA)",0,0,12832.62,"Médio Baixo"
"226",2108108,"Paulo Ramos (MA)",0,0,5851.08,"Médio Baixo"
"227",2108504,"Pindaré-Mirim (MA)",0,0,1125.62,"Baixo"
"228",2109007,"Porto Franco (MA)",0,0,46401.98,"Médio Alto"
"229",2109106,"Presidente Dutra (MA)",0,0,1579.41,"Baixo"
"230",2109601,"Rosário (MA)",0,0,139192.15,"Alto"
"231",2110203,"Santa Rita (MA)",0,0,19182.18,"Médio Alto"
"232",2110856,"São Francisco do Brejão (MA)",0,0,3474.16,"Médio Baixo"
"233",2111201,"São José de Ribamar (MA)",0,0,43274.67,"Médio Alto"
"234",2111300,"São Luís (MA)",0,0,223534.39,"Alto"
"235",2111508,"São Mateus do Maranhão (MA)",0,0,2073.74,"Baixo"
"236",2112704,"Vargem Grande (MA)",0,0,2185.58,"Baixo"
"237",2112852,"Vila Nova dos Martírios (MA)",0,0,631.05,"Muito Baixo"
"238",2112902,"Vitória do Mearim (MA)",0,0,7631.97,"Médio Baixo"
"239",5100102,"Acorizal (MT)",0,0,1785.72,"Baixo"
"240",5100201,"Água Boa (MT)",0,0,147823.7,"Alto"
"241",5100300,"Alto Araguaia (MT)",0,0,482.05,"Muito Baixo"
"242",5100409,"Alto Garças (MT)",0,0,55964.35,"Médio Alto"
"243",5100805,"Apiacás (MT)",0,0,25633.27,"Médio Alto"
"244",5101308,"Arenápolis (MT)",0,0,3.88,"Muito Baixo"
"245",5101803,"Barra do Garças (MT)",0,0,4694.71,"Médio Baixo"
"246",5101902,"Brasnorte (MT)",0,0,28420.4,"Médio Alto"
"247",5102504,"Cáceres (MT)",0,0,297857.17,"Alto"
"248",5102637,"Campo Novo do Parecis (MT)",0,0,9144.38,"Médio Baixo"
"249",5102678,"Campo Verde (MT)",0,0,19573.93,"Médio Alto"
"250",5102686,"Campos de Júlio (MT)",0,0,173.95,"Muito Baixo"
"251",5102702,"Canarana (MT)",0,0,211.61,"Muito Baixo"
"252",5102793,"Carlinda (MT)",0,0,26729.99,"Médio Alto"
"253",5103106,"Cocalinho (MT)",0,0,612895.91,"Muito Alto"
"254",5103205,"Colíder (MT)",0,0,116239.02,"Alto"
"255",5103254,"Colniza (MT)",0,0,70880.01,"Médio Alto"
"256",5103304,"Comodoro (MT)",0,0,5276.36,"Médio Baixo"
"257",5103353,"Confresa (MT)",0,0,35593.24,"Médio Alto"
"258",5103403,"Cuiabá (MT)",0,0,317072.61,"Alto"
"259",5103452,"Denise (MT)",0,0,4805.2,"Médio Baixo"
"260",5103502,"Diamantino (MT)",0,0,57334.34,"Médio Alto"
"261",5103601,"Dom Aquino (MT)",0,0,282405.35,"Alto"
"262",5103908,"General Carneiro (MT)",0,0,4707.78,"Médio Baixo"
"263",5103957,"Glória D'Oeste (MT)",0,0,38365.97,"Médio Alto"
"264",5104104,"Guarantã do Norte (MT)",0,0,4870.65,"Médio Baixo"
"265",5104203,"Guiratinga (MT)",0,0,65071.3,"Médio Alto"
"266",5104526,"Ipiranga do Norte (MT)",0,0,5834.4,"Médio Baixo"
"267",5104559,"Itaúba (MT)",0,0,32.5,"Muito Baixo"
"268",5104807,"Jaciara (MT)",0,0,117449.17,"Alto"
"269",5104906,"Jangada (MT)",0,0,21374.25,"Médio Alto"
"270",5105150,"Juína (MT)",0,0,4014.62,"Médio Baixo"
"271",5105200,"Juscimeira (MT)",0,0,1517.14,"Baixo"
"272",5105234,"Lambari D'Oeste (MT)",0,0,1157.8,"Baixo"
"273",5105507,"Vila Bela da Santíssima Trindade (MT)",0,0,889730.71,"Muito Alto"
"274",5105580,"Marcelândia (MT)",0,0,1804.61,"Baixo"
"275",5105606,"Matupá (MT)",0,0,127860.83,"Alto"
"276",5105903,"Nobres (MT)",0,0,2614213.92,"Muito Alto"
"277",5106109,"Nossa Senhora do Livramento (MT)",0,0,237028.86,"Alto"
"278",5106158,"Nova Bandeirantes (MT)",0,0,2194.21,"Baixo"
"279",5106182,"Nova Lacerda (MT)",0,0,76242.97,"Médio Alto"
"280",5106190,"Nova Santa Helena (MT)",0,0,10930.22,"Médio Baixo"
"281",5106216,"Nova Canaã do Norte (MT)",0,0,3772.04,"Médio Baixo"
"282",5106257,"Nova Xavantina (MT)",0,0,284837.57,"Alto"
"283",5106265,"Novo Mundo (MT)",0,0,60868.87,"Médio Alto"
"284",5106307,"Paranatinga (MT)",0,0,213618.64,"Alto"
"285",5106372,"Pedra Preta (MT)",0,0,2667.6,"Médio Baixo"
"286",5106422,"Peixoto de Azevedo (MT)",0,0,482834.24,"Muito Alto"
"287",5106455,"Planalto da Serra (MT)",0,0,35849.26,"Médio Alto"
"288",5106505,"Poconé (MT)",0,0,372176.09,"Alto"
"289",5106802,"Porto dos Gaúchos (MT)",0,0,1335.9,"Baixo"
"290",5106828,"Porto Esperidião (MT)",0,0,176695.98,"Alto"
"291",5107008,"Poxoréu (MT)",0,0,57597.35,"Médio Alto"
"292",5107040,"Primavera do Leste (MT)",0,0,128945.04,"Alto"
"293",5107065,"Querência (MT)",0,0,4022.17,"Médio Baixo"
"294",5107180,"Ribeirão Cascalheira (MT)",0,0,4386.94,"Médio Baixo"
"295",5107198,"Ribeirãozinho (MT)",0,0,263.5,"Muito Baixo"
"296",5107404,"São Pedro da Cipa (MT)",0,0,754.53,"Baixo"
"297",5107602,"Rondonópolis (MT)",0,0,31612.56,"Médio Alto"
"298",5107701,"Rosário Oeste (MT)",0,0,618221.24,"Muito Alto"
"299",5107800,"Santo Antônio do Leverger (MT)",0,0,231426.66,"Alto"
"300",5107859,"São Félix do Araguaia (MT)",0,0,46.47,"Muito Baixo"
"301",5107875,"Sapezal (MT)",0,0,3080.35,"Médio Baixo"
"302",5107909,"Sinop (MT)",0,0,68579.62,"Médio Alto"
"303",5107925,"Sorriso (MT)",0,0,131939.2,"Alto"
"304",5108055,"Terra Nova do Norte (MT)",0,0,169726.78,"Alto"
"305",5108204,"Torixoréu (MT)",0,0,1159.21,"Baixo"
"306",5108402,"Várzea Grande (MT)",0,0,33333.06,"Médio Alto"
"307",5108600,"Vila Rica (MT)",0,0,11121.31,"Médio Baixo"
"308",5108808,"Nova Guarita (MT)",0,0,25650.94,"Médio Alto"
"309",5108956,"Nova Monte Verde (MT)",0,0,405.92,"Muito Baixo"
"310",1100015,"Alta Floresta D'Oeste (RO)",0,0,0,0
"311",1100056,"Cerejeiras (RO)",0,0,0,0
"312",1100072,"Corumbiara (RO)",0,0,0,0
"313",1100320,"São Miguel do Guaporé (RO)",0,0,0,0
"314",1100346,"Alvorada D'Oeste (RO)",0,0,0,0
"315",1100379,"Alto Alegre dos Parecis (RO)",0,0,0,0
"316",1100502,"Novo Horizonte do Oeste (RO)",0,0,0,0
"317",1100601,"Cacaulândia (RO)",0,0,0,0
"318",1100908,"Castanheiras (RO)",0,0,0,0
"319",1100924,"Chupinguaia (RO)",0,0,0,0
"320",1101005,"Governador Jorge Teixeira (RO)",0,0,0,0
"321",1101302,"Mirante da Serra (RO)",0,0,0,0
"322",1101401,"Monte Negro (RO)",0,0,0,0
"323",1101435,"Nova União (RO)",0,0,0,0
"324",1101476,"Primavera de Rondônia (RO)",0,0,0,0
"325",1101484,"São Felipe D'Oeste (RO)",0,0,0,0
"326",1101492,"São Francisco do Guaporé (RO)",0,0,0,0
"327",1101609,"Theobroma (RO)",0,0,0,0
"328",1101708,"Urupá (RO)",0,0,0,0
"329",1101757,"Vale do Anari (RO)",0,0,0,0
"330",1200013,"Acrelândia (AC)",0,0,0,0
"331",1200054,"Assis Brasil (AC)",0,0,0,0
"332",1200138,"Bujari (AC)",0,0,0,0
"333",1200179,"Capixaba (AC)",0,0,0,0
"334",1200252,"Epitaciolândia (AC)",0,0,0,0
"335",1200302,"Feijó (AC)",0,0,0,0
"336",1200328,"Jordão (AC)",0,0,0,0
"337",1200344,"Manoel Urbano (AC)",0,0,0,0
"338",1200351,"Marechal Thaumaturgo (AC)",0,0,0,0
"339",1200385,"Plácido de Castro (AC)",0,0,0,0
"340",1200393,"Porto Walter (AC)",0,0,0,0
"341",1200427,"Rodrigues Alves (AC)",0,0,0,0
"342",1200435,"Santa Rosa do Purus (AC)",0,0,0,0
"343",1200609,"Tarauacá (AC)",0,0,0,0
"344",1200708,"Xapuri (AC)",0,0,0,0
"345",1200807,"Porto Acre (AC)",0,0,0,0
"346",1300029,"Alvarães (AM)",0,0,0,0
"347",1300060,"Amaturá (AM)",0,0,0,0
"348",1300086,"Anamã (AM)",0,0,0,0
"349",1300102,"Anori (AM)",0,0,0,0
"350",1300144,"Apuí (AM)",0,0,0,0
"351",1300201,"Atalaia do Norte (AM)",0,0,0,0
"352",1300300,"Autazes (AM)",0,0,0,0
"353",1300508,"Barreirinha (AM)",0,0,0,0
"354",1300607,"Benjamin Constant (AM)",0,0,0,0
"355",1300631,"Beruri (AM)",0,0,0,0
"356",1300680,"Boa Vista do Ramos (AM)",0,0,0,0
"357",1300706,"Boca do Acre (AM)",0,0,0,0
"358",1300839,"Caapiranga (AM)",0,0,0,0
"359",1300904,"Canutama (AM)",0,0,0,0
"360",1301100,"Careiro (AM)",0,0,0,0
"361",1301308,"Codajás (AM)",0,0,0,0
"362",1301506,"Envira (AM)",0,0,0,0
"363",1301605,"Fonte Boa (AM)",0,0,0,0
"364",1301654,"Guajará (AM)",0,0,0,0
"365",1301803,"Ipixuna (AM)",0,0,0,0
"366",1301951,"Itamarati (AM)",0,0,0,0
"367",1302009,"Itapiranga (AM)",0,0,0,0
"368",1302108,"Japurá (AM)",0,0,0,0
"369",1302207,"Juruá (AM)",0,0,0,0
"370",1302553,"Manaquiri (AM)",0,0,0,0
"371",1302702,"Manicoré (AM)",0,0,0,0
"372",1302801,"Maraã (AM)",0,0,0,0
"373",1302900,"Maués (AM)",0,0,0,0
"374",1303007,"Nhamundá (AM)",0,0,0,0
"375",1303106,"Nova Olinda do Norte (AM)",0,0,0,0
"376",1303502,"Pauini (AM)",0,0,0,0
"377",1303569,"Rio Preto da Eva (AM)",0,0,0,0
"378",1303601,"Santa Isabel do Rio Negro (AM)",0,0,0,0
"379",1303700,"Santo Antônio do Içá (AM)",0,0,0,0
"380",1303809,"São Gabriel da Cachoeira (AM)",0,0,0,0
"381",1303908,"São Paulo de Olivença (AM)",0,0,0,0
"382",1303957,"São Sebastião do Uatumã (AM)",0,0,0,0
"383",1304104,"Tapauá (AM)",0,0,0,0
"384",1304203,"Tefé (AM)",0,0,0,0
"385",1304237,"Tonantins (AM)",0,0,0,0
"386",1304260,"Uarini (AM)",0,0,0,0
"387",1304401,"Urucurituba (AM)",0,0,0,0
"388",1400027,"Amajari (RR)",0,0,0,0
"389",1400050,"Alto Alegre (RR)",0,0,0,0
"390",1400159,"Bonfim (RR)",0,0,0,0
"391",1400233,"Caroebe (RR)",0,0,0,0
"392",1400282,"Iracema (RR)",0,0,0,0
"393",1400407,"Normandia (RR)",0,0,0,0
"394",1400456,"Pacaraima (RR)",0,0,0,0
"395",1400506,"São João da Baliza (RR)",0,0,0,0
"396",1400605,"São Luiz (RR)",0,0,0,0
"397",1400704,"Uiramutã (RR)",0,0,0,0
"398",1500131,"Abel Figueiredo (PA)",0,0,0,0
"399",1500305,"Afuá (PA)",0,0,0,0
"400",1500347,"Água Azul do Norte (PA)",0,0,0,0
"401",1500404,"Alenquer (PA)",0,0,0,0
"402",1500701,"Anajás (PA)",0,0,0,0
"403",1500859,"Anapu (PA)",0,0,0,0
"404",1501105,"Bagre (PA)",0,0,0,0
"405",1501204,"Baião (PA)",0,0,0,0
"406",1501253,"Bannach (PA)",0,0,0,0
"407",1501451,"Belterra (PA)",0,0,0,0
"408",1501576,"Bom Jesus do Tocantins (PA)",0,0,0,0
"409",1501709,"Bragança (PA)",0,0,0,0
"410",1501758,"Brejo Grande do Araguaia (PA)",0,0,0,0
"411",1501808,"Breves (PA)",0,0,0,0
"412",1501907,"Bujaru (PA)",0,0,0,0
"413",1501956,"Cachoeira do Piriá (PA)",0,0,0,0
"414",1502004,"Cachoeira do Arari (PA)",0,0,0,0
"415",1502103,"Cametá (PA)",0,0,0,0
"416",1502509,"Chaves (PA)",0,0,0,0
"417",1502608,"Colares (PA)",0,0,0,0
"418",1502707,"Conceição do Araguaia (PA)",0,0,0,0
"419",1502756,"Concórdia do Pará (PA)",0,0,0,0
"420",1502806,"Curralinho (PA)",0,0,0,0
"421",1502855,"Curuá (PA)",0,0,0,0
"422",1502905,"Curuçá (PA)",0,0,0,0
"423",1502939,"Dom Eliseu (PA)",0,0,0,0
"424",1503002,"Faro (PA)",0,0,0,0
"425",1503044,"Floresta do Araguaia (PA)",0,0,0,0
"426",1503077,"Garrafão do Norte (PA)",0,0,0,0
"427",1503101,"Gurupá (PA)",0,0,0,0
"428",1503309,"Igarapé-Miri (PA)",0,0,0,0
"429",1504000,"Limoeiro do Ajuru (PA)",0,0,0,0
"430",1504109,"Magalhães Barata (PA)",0,0,0,0
"431",1504307,"Maracanã (PA)",0,0,0,0
"432",1504406,"Marapanim (PA)",0,0,0,0
"433",1504455,"Medicilândia (PA)",0,0,0,0
"434",1504505,"Melgaço (PA)",0,0,0,0
"435",1504604,"Mocajuba (PA)",0,0,0,0
"436",1504901,"Muaná (PA)",0,0,0,0
"437",1504950,"Nova Esperança do Piriá (PA)",0,0,0,0
"438",1505106,"Óbidos (PA)",0,0,0,0
"439",1505205,"Oeiras do Pará (PA)",0,0,0,0
"440",1505437,"Ourilândia do Norte (PA)",0,0,0,0
"441",1505486,"Pacajá (PA)",0,0,0,0
"442",1505494,"Palestina do Pará (PA)",0,0,0,0
"443",1505551,"Pau D'Arco (PA)",0,0,0,0
"444",1505601,"Peixe-Boi (PA)",0,0,0,0
"445",1505635,"Piçarra (PA)",0,0,0,0
"446",1505650,"Placas (PA)",0,0,0,0
"447",1505700,"Ponta de Pedras (PA)",0,0,0,0
"448",1505809,"Portel (PA)",0,0,0,0
"449",1505908,"Porto de Moz (PA)",0,0,0,0
"450",1506005,"Prainha (PA)",0,0,0,0
"451",1506112,"Quatipuru (PA)",0,0,0,0
"452",1506187,"Rondon do Pará (PA)",0,0,0,0
"453",1506203,"Salinópolis (PA)",0,0,0,0
"454",1506302,"Salvaterra (PA)",0,0,0,0
"455",1506401,"Santa Cruz do Arari (PA)",0,0,0,0
"456",1506559,"Santa Luzia do Pará (PA)",0,0,0,0
"457",1506609,"Santa Maria do Pará (PA)",0,0,0,0
"458",1506906,"Santarém Novo (PA)",0,0,0,0
"459",1507102,"São Caetano de Odivelas (PA)",0,0,0,0
"460",1507151,"São Domingos do Araguaia (PA)",0,0,0,0
"461",1507201,"São Domingos do Capim (PA)",0,0,0,0
"462",1507409,"São Francisco do Pará (PA)",0,0,0,0
"463",1507466,"São João da Ponta (PA)",0,0,0,0
"464",1507474,"São João de Pirabas (PA)",0,0,0,0
"465",1507706,"São Sebastião da Boa Vista (PA)",0,0,0,0
"466",1507755,"Sapucaia (PA)",0,0,0,0
"467",1507805,"Senador José Porfírio (PA)",0,0,0,0
"468",1507904,"Soure (PA)",0,0,0,0
"469",1507953,"Tailândia (PA)",0,0,0,0
"470",1507961,"Terra Alta (PA)",0,0,0,0
"471",1508001,"Tomé-Açu (PA)",0,0,0,0
"472",1508035,"Tracuateua (PA)",0,0,0,0
"473",1508084,"Tucumã (PA)",0,0,0,0
"474",1508126,"Ulianópolis (PA)",0,0,0,0
"475",1508308,"Viseu (PA)",0,0,0,0
"476",1508407,"Xinguara (PA)",0,0,0,0
"477",1600055,"Serra do Navio (AP)",0,0,0,0
"478",1600105,"Amapá (AP)",0,0,0,0
"479",1600212,"Cutias (AP)",0,0,0,0
"480",1600253,"Itaubal (AP)",0,0,0,0
"481",1600550,"Pracuúba (AP)",0,0,0,0
"482",1600709,"Tartarugalzinho (AP)",0,0,0,0
"483",1700251,"Abreulândia (TO)",0,0,0,0
"484",1700350,"Aliança do Tocantins (TO)",0,0,0,0
"485",1700400,"Almas (TO)",0,0,0,0
"486",1700707,"Alvorada (TO)",0,0,0,0
"487",1701002,"Ananás (TO)",0,0,0,0
"488",1701051,"Angico (TO)",0,0,0,0
"489",1701309,"Aragominas (TO)",0,0,0,0
"490",1701903,"Araguacema (TO)",0,0,0,0
"491",1702000,"Araguaçu (TO)",0,0,0,0
"492",1702158,"Araguanã (TO)",0,0,0,0
"493",1702307,"Arapoema (TO)",0,0,0,0
"494",1702554,"Augustinópolis (TO)",0,0,0,0
"495",1702703,"Aurora do Tocantins (TO)",0,0,0,0
"496",1702901,"Axixá do Tocantins (TO)",0,0,0,0
"497",1703107,"Barrolândia (TO)",0,0,0,0
"498",1703206,"Bernardo Sayão (TO)",0,0,0,0
"499",1703305,"Bom Jesus do Tocantins (TO)",0,0,0,0
"500",1703602,"Brasilândia do Tocantins (TO)",0,0,0,0
"501",1703800,"Buriti do Tocantins (TO)",0,0,0,0
"502",1703826,"Cachoeirinha (TO)",0,0,0,0
"503",1703842,"Campos Lindos (TO)",0,0,0,0
"504",1703867,"Cariri do Tocantins (TO)",0,0,0,0
"505",1703883,"Carmolândia (TO)",0,0,0,0
"506",1703891,"Carrasco Bonito (TO)",0,0,0,0
"507",1703909,"Caseara (TO)",0,0,0,0
"508",1704105,"Centenário (TO)",0,0,0,0
"509",1704600,"Chapada de Areia (TO)",0,0,0,0
"510",1705508,"Colinas do Tocantins (TO)",0,0,0,0
"511",1705557,"Combinado (TO)",0,0,0,0
"512",1705607,"Conceição do Tocantins (TO)",0,0,0,0
"513",1706001,"Couto Magalhães (TO)",0,0,0,0
"514",1706258,"Crixás do Tocantins (TO)",0,0,0,0
"515",1707108,"Divinópolis do Tocantins (TO)",0,0,0,0
"516",1707207,"Dois Irmãos do Tocantins (TO)",0,0,0,0
"517",1707306,"Dueré (TO)",0,0,0,0
"518",1707405,"Esperantina (TO)",0,0,0,0
"519",1707553,"Fátima (TO)",0,0,0,0
"520",1707652,"Figueirópolis (TO)",0,0,0,0
"521",1708254,"Fortaleza do Tabocão (TO)",0,0,0,0
"522",1708304,"Goianorte (TO)",0,0,0,0
"523",1710508,"Itacajá (TO)",0,0,0,0
"524",1711100,"Itaporã do Tocantins (TO)",0,0,0,0
"525",1711803,"Juarina (TO)",0,0,0,0
"526",1711951,"Lagoa do Tocantins (TO)",0,0,0,0
"527",1712157,"Lavandeira (TO)",0,0,0,0
"528",1712405,"Lizarda (TO)",0,0,0,0
"529",1712454,"Luzinópolis (TO)",0,0,0,0
"530",1712504,"Marianópolis do Tocantins (TO)",0,0,0,0
"531",1712702,"Mateiros (TO)",0,0,0,0
"532",1712801,"Maurilândia do Tocantins (TO)",0,0,0,0
"533",1713304,"Miranorte (TO)",0,0,0,0
"534",1713700,"Monte Santo do Tocantins (TO)",0,0,0,0
"535",1714302,"Nazaré (TO)",0,0,0,0
"536",1714880,"Nova Olinda (TO)",0,0,0,0
"537",1715002,"Nova Rosalândia (TO)",0,0,0,0
"538",1715101,"Novo Acordo (TO)",0,0,0,0
"539",1715150,"Novo Alegre (TO)",0,0,0,0
"540",1715507,"Oliveira de Fátima (TO)",0,0,0,0
"541",1716109,"Paraíso do Tocantins (TO)",0,0,0,0
"542",1716505,"Pedro Afonso (TO)",0,0,0,0
"543",1716653,"Pequizeiro (TO)",0,0,0,0
"544",1716703,"Colméia (TO)",0,0,0,0
"545",1717008,"Pindorama do Tocantins (TO)",0,0,0,0
"546",1717206,"Piraquê (TO)",0,0,0,0
"547",1717503,"Pium (TO)",0,0,0,0
"548",1717800,"Ponte Alta do Bom Jesus (TO)",0,0,0,0
"549",1718006,"Porto Alegre do Tocantins (TO)",0,0,0,0
"550",1718303,"Praia Norte (TO)",0,0,0,0
"551",1718402,"Presidente Kennedy (TO)",0,0,0,0
"552",1718501,"Recursolândia (TO)",0,0,0,0
"553",1718550,"Riachinho (TO)",0,0,0,0
"554",1718659,"Rio da Conceição (TO)",0,0,0,0
"555",1718709,"Rio dos Bois (TO)",0,0,0,0
"556",1718758,"Rio Sono (TO)",0,0,0,0
"557",1718808,"Sampaio (TO)",0,0,0,0
"558",1718840,"Sandolândia (TO)",0,0,0,0
"559",1718865,"Santa Fé do Araguaia (TO)",0,0,0,0
"560",1718881,"Santa Maria do Tocantins (TO)",0,0,0,0
"561",1718899,"Santa Rita do Tocantins (TO)",0,0,0,0
"562",1718907,"Santa Rosa do Tocantins (TO)",0,0,0,0
"563",1719004,"Santa Tereza do Tocantins (TO)",0,0,0,0
"564",1720002,"Santa Terezinha do Tocantins (TO)",0,0,0,0
"565",1720101,"São Bento do Tocantins (TO)",0,0,0,0
"566",1720150,"São Félix do Tocantins (TO)",0,0,0,0
"567",1720309,"São Sebastião do Tocantins (TO)",0,0,0,0
"568",1720499,"São Valério (TO)",0,0,0,0
"569",1720655,"Silvanópolis (TO)",0,0,0,0
"570",1720804,"Sítio Novo do Tocantins (TO)",0,0,0,0
"571",1720853,"Sucupira (TO)",0,0,0,0
"572",1720978,"Talismã (TO)",0,0,0,0
"573",1722081,"Wanderlândia (TO)",0,0,0,0
"574",2100055,"Açailândia (MA)",0,0,0,0
"575",2100204,"Alcântara (MA)",0,0,0,0
"576",2100402,"Altamira do Maranhão (MA)",0,0,0,0
"577",2100436,"Alto Alegre do Maranhão (MA)",0,0,0,0
"578",2100477,"Alto Alegre do Pindaré (MA)",0,0,0,0
"579",2100501,"Alto Parnaíba (MA)",0,0,0,0
"580",2100550,"Amapá do Maranhão (MA)",0,0,0,0
"581",2100600,"Amarante do Maranhão (MA)",0,0,0,0
"582",2100832,"Apicum-Açu (MA)",0,0,0,0
"583",2100873,"Araguanã (MA)",0,0,0,0
"584",2100956,"Arame (MA)",0,0,0,0
"585",2101004,"Arari (MA)",0,0,0,0
"586",2101103,"Axixá (MA)",0,0,0,0
"587",2101301,"Bacuri (MA)",0,0,0,0
"588",2101350,"Bacurituba (MA)",0,0,0,0
"589",2101905,"Bequimão (MA)",0,0,0,0
"590",2101939,"Bernardo do Mearim (MA)",0,0,0,0
"591",2101970,"Boa Vista do Gurupi (MA)",0,0,0,0
"592",2102002,"Bom Jardim (MA)",0,0,0,0
"593",2102036,"Bom Jesus das Selvas (MA)",0,0,0,0
"594",2102077,"Bom Lugar (MA)",0,0,0,0
"595",2102150,"Brejo de Areia (MA)",0,0,0,0
"596",2102309,"Buriti Bravo (MA)",0,0,0,0
"597",2102325,"Buriticupu (MA)",0,0,0,0
"598",2102358,"Buritirana (MA)",0,0,0,0
"599",2102374,"Cachoeira Grande (MA)",0,0,0,0
"600",2102408,"Cajapió (MA)",0,0,0,0
"601",2102507,"Cajari (MA)",0,0,0,0
"602",2102556,"Campestre do Maranhão (MA)",0,0,0,0
"603",2102606,"Cândido Mendes (MA)",0,0,0,0
"604",2102705,"Cantanhede (MA)",0,0,0,0
"605",2102754,"Capinzal do Norte (MA)",0,0,0,0
"606",2102903,"Carutapera (MA)",0,0,0,0
"607",2103109,"Cedral (MA)",0,0,0,0
"608",2103125,"Central do Maranhão (MA)",0,0,0,0
"609",2103158,"Centro do Guilherme (MA)",0,0,0,0
"610",2103174,"Centro Novo do Maranhão (MA)",0,0,0,0
"611",2103257,"Cidelândia (MA)",0,0,0,0
"612",2103505,"Colinas (MA)",0,0,0,0
"613",2103554,"Conceição do Lago-Açu (MA)",0,0,0,0
"614",2103604,"Coroatá (MA)",0,0,0,0
"615",2103703,"Cururupu (MA)",0,0,0,0
"616",2103802,"Dom Pedro (MA)",0,0,0,0
"617",2104008,"Esperantinópolis (MA)",0,0,0,0
"618",2104073,"Feira Nova do Maranhão (MA)",0,0,0,0
"619",2104081,"Fernando Falcão (MA)",0,0,0,0
"620",2104099,"Formosa da Serra Negra (MA)",0,0,0,0
"621",2104107,"Fortaleza dos Nogueiras (MA)",0,0,0,0
"622",2104206,"Fortuna (MA)",0,0,0,0
"623",2104404,"Gonçalves Dias (MA)",0,0,0,0
"624",2104503,"Governador Archer (MA)",0,0,0,0
"625",2104602,"Governador Eugênio Barros (MA)",0,0,0,0
"626",2104628,"Governador Luiz Rocha (MA)",0,0,0,0
"627",2104651,"Governador Newton Bello (MA)",0,0,0,0
"628",2104701,"Graça Aranha (MA)",0,0,0,0
"629",2104909,"Guimarães (MA)",0,0,0,0
"630",2105104,"Icatu (MA)",0,0,0,0
"631",2105153,"Igarapé do Meio (MA)",0,0,0,0
"632",2105203,"Igarapé Grande (MA)",0,0,0,0
"633",2105351,"Itaipava do Grajaú (MA)",0,0,0,0
"634",2105450,"Jatobá (MA)",0,0,0,0
"635",2105476,"Jenipapo dos Vieiras (MA)",0,0,0,0
"636",2105500,"João Lisboa (MA)",0,0,0,0
"637",2105609,"Joselândia (MA)",0,0,0,0
"638",2105658,"Junco do Maranhão (MA)",0,0,0,0
"639",2105708,"Lago da Pedra (MA)",0,0,0,0
"640",2105807,"Lago do Junco (MA)",0,0,0,0
"641",2105906,"Lago Verde (MA)",0,0,0,0
"642",2105948,"Lago dos Rodrigues (MA)",0,0,0,0
"643",2105963,"Lagoa Grande do Maranhão (MA)",0,0,0,0
"644",2105989,"Lajeado Novo (MA)",0,0,0,0
"645",2106003,"Lima Campos (MA)",0,0,0,0
"646",2106102,"Loreto (MA)",0,0,0,0
"647",2106201,"Luís Domingues (MA)",0,0,0,0
"648",2106359,"Marajá do Sena (MA)",0,0,0,0
"649",2106375,"Maranhãozinho (MA)",0,0,0,0
"650",2106631,"Matões do Norte (MA)",0,0,0,0
"651",2106706,"Mirador (MA)",0,0,0,0
"652",2106755,"Miranda do Norte (MA)",0,0,0,0
"653",2106805,"Mirinzal (MA)",0,0,0,0
"654",2107001,"Montes Altos (MA)",0,0,0,0
"655",2107100,"Morros (MA)",0,0,0,0
"656",2107258,"Nova Colinas (MA)",0,0,0,0
"657",2107357,"Nova Olinda do Maranhão (MA)",0,0,0,0
"658",2107407,"Olho d'Água das Cunhãs (MA)",0,0,0,0
"659",2107456,"Olinda Nova do Maranhão (MA)",0,0,0,0
"660",2107605,"Palmeirândia (MA)",0,0,0,0
"661",2107704,"Paraibano (MA)",0,0,0,0
"662",2108207,"Pedreiras (MA)",0,0,0,0
"663",2108256,"Pedro do Rosário (MA)",0,0,0,0
"664",2108306,"Penalva (MA)",0,0,0,0
"665",2108405,"Peri Mirim (MA)",0,0,0,0
"666",2108454,"Peritoró (MA)",0,0,0,0
"667",2108603,"Pinheiro (MA)",0,0,0,0
"668",2108702,"Pio XII (MA)",0,0,0,0
"669",2108801,"Pirapemas (MA)",0,0,0,0
"670",2108900,"Poção de Pedras (MA)",0,0,0,0
"671",2109056,"Porto Rico do Maranhão (MA)",0,0,0,0
"672",2109205,"Presidente Juscelino (MA)",0,0,0,0
"673",2109239,"Presidente Médici (MA)",0,0,0,0
"674",2109270,"Presidente Sarney (MA)",0,0,0,0
"675",2109304,"Presidente Vargas (MA)",0,0,0,0
"676",2109452,"Raposa (MA)",0,0,0,0
"677",2109502,"Riachão (MA)",0,0,0,0
"678",2109551,"Ribamar Fiquene (MA)",0,0,0,0
"679",2109700,"Sambaíba (MA)",0,0,0,0
"680",2109759,"Santa Filomena do Maranhão (MA)",0,0,0,0
"681",2109809,"Santa Helena (MA)",0,0,0,0
"682",2109908,"Santa Inês (MA)",0,0,0,0
"683",2110005,"Santa Luzia (MA)",0,0,0,0
"684",2110039,"Santa Luzia do Paruá (MA)",0,0,0,0
"685",2110302,"Santo Antônio dos Lopes (MA)",0,0,0,0
"686",2110500,"São Bento (MA)",0,0,0,0
"687",2110658,"São Domingos do Azeitão (MA)",0,0,0,0
"688",2110708,"São Domingos do Maranhão (MA)",0,0,0,0
"689",2110807,"São Félix de Balsas (MA)",0,0,0,0
"690",2111003,"São João Batista (MA)",0,0,0,0
"691",2111029,"São João do Carú (MA)",0,0,0,0
"692",2111052,"São João do Paraíso (MA)",0,0,0,0
"693",2111078,"São João do Soter (MA)",0,0,0,0
"694",2111250,"São José dos Basílios (MA)",0,0,0,0
"695",2111409,"São Luís Gonzaga do Maranhão (MA)",0,0,0,0
"696",2111532,"São Pedro da Água Branca (MA)",0,0,0,0
"697",2111573,"São Pedro dos Crentes (MA)",0,0,0,0
"698",2111607,"São Raimundo das Mangabeiras (MA)",0,0,0,0
"699",2111631,"São Raimundo do Doca Bezerra (MA)",0,0,0,0
"700",2111672,"São Roberto (MA)",0,0,0,0
"701",2111706,"São Vicente Ferrer (MA)",0,0,0,0
"702",2111722,"Satubinha (MA)",0,0,0,0
"703",2111748,"Senador Alexandre Costa (MA)",0,0,0,0
"704",2111763,"Senador La Rocque (MA)",0,0,0,0
"705",2111789,"Serrano do Maranhão (MA)",0,0,0,0
"706",2111805,"Sítio Novo (MA)",0,0,0,0
"707",2111904,"Sucupira do Norte (MA)",0,0,0,0
"708",2112001,"Tasso Fragoso (MA)",0,0,0,0
"709",2112100,"Timbiras (MA)",0,0,0,0
"710",2112233,"Trizidela do Vale (MA)",0,0,0,0
"711",2112274,"Tufilândia (MA)",0,0,0,0
"712",2112308,"Tuntum (MA)",0,0,0,0
"713",2112407,"Turiaçu (MA)",0,0,0,0
"714",2112456,"Turilândia (MA)",0,0,0,0
"715",2112803,"Viana (MA)",0,0,0,0
"716",2113009,"Vitorino Freire (MA)",0,0,0,0
"717",2114007,"Zé Doca (MA)",0,0,0,0
"718",5100359,"Alto Boa Vista (MT)",0,0,0,0
"719",5100508,"Alto Paraguai (MT)",0,0,0,0
"720",5100607,"Alto Taquari (MT)",0,0,0,0
"721",5101001,"Araguaiana (MT)",0,0,0,0
"722",5101209,"Araguainha (MT)",0,0,0,0
"723",5101605,"Barão de Melgaço (MT)",0,0,0,0
"724",5101852,"Bom Jesus do Araguaia (MT)",0,0,0,0
"725",5102603,"Campinápolis (MT)",0,0,0,0
"726",5102694,"Canabrava do Norte (MT)",0,0,0,0
"727",5102850,"Castanheira (MT)",0,0,0,0
"728",5103056,"Cláudia (MT)",0,0,0,0
"729",5103361,"Conquista D'Oeste (MT)",0,0,0,0
"730",5103379,"Cotriguaçu (MT)",0,0,0,0
"731",5103437,"Curvelândia (MT)",0,0,0,0
"732",5103700,"Feliz Natal (MT)",0,0,0,0
"733",5103809,"Figueirópolis D'Oeste (MT)",0,0,0,0
"734",5103858,"Gaúcha do Norte (MT)",0,0,0,0
"735",5104542,"Itanhangá (MT)",0,0,0,0
"736",5105176,"Juruena (MT)",0,0,0,0
"737",5105259,"Lucas do Rio Verde (MT)",0,0,0,0
"738",5105309,"Luciara (MT)",0,0,0,0
"739",5105622,"Mirassol d'Oeste (MT)",0,0,0,0
"740",5106000,"Nortelândia (MT)",0,0,0,0
"741",5106174,"Nova Nazaré (MT)",0,0,0,0
"742",5106224,"Nova Mutum (MT)",0,0,0,0
"743",5106232,"Nova Olímpia (MT)",0,0,0,0
"744",5106240,"Nova Ubiratã (MT)",0,0,0,0
"745",5106273,"Novo Horizonte do Norte (MT)",0,0,0,0
"746",5106281,"Novo São Joaquim (MT)",0,0,0,0
"747",5106315,"Novo Santo Antônio (MT)",0,0,0,0
"748",5106653,"Pontal do Araguaia (MT)",0,0,0,0
"749",5106703,"Ponte Branca (MT)",0,0,0,0
"750",5106778,"Porto Alegre do Norte (MT)",0,0,0,0
"751",5106851,"Porto Estrela (MT)",0,0,0,0
"752",5107107,"São José dos Quatro Marcos (MT)",0,0,0,0
"753",5107156,"Reserva do Cabaçal (MT)",0,0,0,0
"754",5107206,"Rio Branco (MT)",0,0,0,0
"755",5107248,"Santa Carmem (MT)",0,0,0,0
"756",5107263,"Santo Afonso (MT)",0,0,0,0
"757",5107297,"São José do Povo (MT)",0,0,0,0
"758",5107305,"São José do Rio Claro (MT)",0,0,0,0
"759",5107354,"São José do Xingu (MT)",0,0,0,0
"760",5107578,"Rondolândia (MT)",0,0,0,0
"761",5107743,"Santa Cruz do Xingu (MT)",0,0,0,0
"762",5107750,"Salto do Céu (MT)",0,0,0,0
"763",5107768,"Santa Rita do Trivelato (MT)",0,0,0,0
"764",5107776,"Santa Terezinha (MT)",0,0,0,0
"765",5107792,"Santo Antônio do Leste (MT)",0,0,0,0
"766",5107883,"Serra Nova Dourada (MT)",0,0,0,0
"767",5107941,"Tabaporã (MT)",0,0,0,0
"768",5108006,"Tapurah (MT)",0,0,0,0
"769",5108105,"Tesouro (MT)",0,0,0,0
"770",5108303,"União do Sul (MT)",0,0,0,0
"771",5108501,"Vera (MT)",0,0,0,0
"772",5108857,"Nova Marilândia (MT)",0,0,0,0
"773",5108907,"Nova Maringá (MT)",0,0,0,0
